,UNITID,Rank,Institution,All federal R&D expenditures in USD,DOD in USD,DOE in USD,HHS in USD,NASA in USD,NSF in USD,USDA in USD,Other in USD,LAT,LON
0,,,All institutions,38793542000,5312956000,1770809000,20658827000,1491911000,5114206000,1208710000,3236123000,,
1,162928.0,1.0,Johns Hopkins U.b,2104653000,1037685000,9125000,618525000,252470000,37379000,537000,148932000,39.328977,-76.621595
2,236948.0,2.0,"U. Washington, Seattle",946787000,85472000,30932000,612050000,16815000,113679000,15404000,72435000,47.656213,-122.31311500000001
3,170976.0,3.0,"U. Michigan, Ann Arbor",786749000,79997000,40522000,493159000,51541000,83587000,2589000,35354000,42.275921000000004,-83.74276900000001
4,243744.0,4.0,Stanford U.,694693000,82737000,26299000,468993000,18112000,83761000,201000,14590000,37.429532,-122.16443400000001
5,215062.0,5.0,U. Pennsylvania,655791000,55334000,10187000,529947000,3823000,40912000,834000,14754000,39.950929,-75.19391
6,199120.0,6.0,"U. North Carolina, Chapel Hill",632426000,14909000,7977000,477749000,1031000,39362000,1443000,89955000,35.911769,-79.05096900000001
7,110680.0,7.0,"U. California, San Diego",604298000,77522000,19793000,380903000,8555000,84550000,326000,32649000,32.876598,-117.23779300000001
8,110699.0,8.0,"U. California, San Francisco",602705000,21949000,300000,523341000,859000,4900000,0,51356000,37.762736000000004,-122.458049
9,190150.0,9.0,Columbia U. in the City of New York,600457000,35113000,12518000,414592000,20798000,97190000,756000,19490000,40.808286,-73.96188500000001
10,215293.0,10.0,"U. Pittsburgh, Pittsburgh",580650000,42008000,7837000,492151000,976000,24918000,84000,12676000,40.444502,-79.95469200000001
11,198419.0,11.0,Duke U.,575521000,57998000,12282000,444094000,3404000,38832000,1057000,17854000,36.001135,-78.937624
12,139755.0,12.0,Georgia Institute of Technology,568430000,396202000,29364000,35139000,13881000,70832000,1399000,21613000,33.772420000000004,-84.39483200000001
13,240444.0,13.0,U. Wisconsin-Madison,567132000,26141000,65226000,298817000,12000000,89389000,28778000,46781000,43.073858,-89.405356
14,166027.0,14.0,Harvard U.,558611000,53126000,17971000,409336000,8987000,54074000,246000,14871000,42.374471,-71.118313
15,479956.0,15.0,"Pennsylvania State U., University Park and Hershey Medical Center",538938000,215261000,33909000,134205000,13632000,67271000,28893000,45767000,40.832783,-77.841594
16,166683.0,16.0,Massachusetts Institute of Technology,503858000,135565000,85024000,115623000,51471000,97033000,0,19142000,42.360095,-71.092115
17,130794.0,17.0,Yale U.,503221000,21421000,11553000,422522000,3829000,37180000,1970000,4746000,41.311158,-72.926688
18,110662.0,18.0,"U. California, Los Angeles",487869000,38600000,21870000,336790000,19525000,63344000,309000,7431000,34.068892,-118.44390100000001
19,174066.0,19.0,"U. Minnesota, Twin Cities",469260000,20952000,19783000,301157000,9480000,73547000,25678000,18663000,44.977886000000005,-93.235352
20,204796.0,20.0,Ohio State U.,454834000,31672000,19105000,239212000,7329000,53077000,31461000,72978000,39.998389,-83.009001
21,179867.0,21.0,"Washington U., Saint Louis",442335000,10334000,11158000,391529000,7646000,18016000,308000,3344000,38.647929000000005,-90.310604
22,147767.0,22.0,Northwestern U.,432413000,38566000,21294000,305371000,3440000,48927000,37000,14778000,42.050356,-87.67985800000001
23,190415.0,23.0,Cornell U.,430987000,30988000,18611000,209885000,9722000,109545000,37952000,14284000,42.4472,-76.483084
24,123961.0,24.0,U. Southern California,409516000,74345000,8168000,254261000,4696000,42954000,601000,24491000,34.021281,-118.284169
25,221999.0,25.0,Vanderbilt U.,405589000,29424000,10182000,325965000,1026000,20569000,331000,18092000,36.14659,-86.803369
26,126614.0,26.0,U. Colorado Boulder,371995000,30380000,24057000,47855000,102176000,79795000,1230000,86502000,40.008781,-105.27082300000001
27,163286.0,27.0,"U. Maryland, College Park",369285000,82419000,18429000,48566000,55402000,57157000,27938000,79374000,38.988178000000005,-76.944721
28,139658.0,28.0,Emory U.,361288000,8903000,1063000,328754000,1766000,12978000,438000,7386000,33.790183,-84.325512
29,228778.0,29.0,"U. Texas, Austin",357309000,134638000,41287000,68312000,12340000,78961000,400000,21371000,30.28609,-97.73929100000001
30,193900.0,30.0,New York U.,350355000,11576000,4522000,290768000,715000,31908000,885000,9981000,40.729452,-73.997264
31,100663.0,31.0,"U. Alabama, Birmingham",348632000,20177000,7256000,299666000,10812000,5665000,44000,5012000,33.505697,-86.799345
32,193405.0,32.0,Icahn School of Medicine at Mt. Sinai,342104000,5527000,0,335260000,176000,725000,0,416000,40.789801000000004,-73.953445
33,110635.0,33.0,"U. California, Berkeley",341807000,35827000,28357000,117874000,56480000,75232000,4474000,23563000,37.871918,-122.260463
34,110644.0,34.0,"U. California, Davis",339209000,17929000,13557000,179504000,3742000,45289000,32771000,46417000,38.539895,-121.751958
35,145637.0,35.0,"U. Illinois, Urbana-Champaign",335056000,42948000,43031000,61055000,8244000,127024000,19843000,32911000,40.108864000000004,-88.230309
36,186380.0,36.0,"Rutgers, State U. New Jersey, New Brunswick",321432000,15288000,9085000,187928000,1640000,53625000,14938000,38928000,40.498769,-74.446251
37,201645.0,37.0,Case Western Reserve U.,321214000,13906000,4608000,285004000,3045000,13619000,84000,948000,41.500812,-81.60576900000001
38,171100.0,38.0,Michigan State U.,310225000,9550000,100039000,56359000,2798000,72873000,34709000,33897000,42.73212,-84.476111
39,134130.0,39.0,U. Florida,307140000,27814000,13199000,161207000,5078000,44700000,33270000,21872000,29.64629,-82.347911
40,126562.0,40.0,U. Colorado Denver and Anschutz Medical Campus,298960000,7892000,0,271914000,0,4390000,41000,14723000,39.745149000000005,-104.83772200000001
41,144050.0,41.0,U. Chicago,297953000,18668000,9885000,209237000,4788000,50276000,135000,4964000,41.78917,-87.601196
42,228723.0,42.0,"Texas A&M U., College Station and Health Science Center",293551000,17103000,28326000,59456000,9081000,100344000,28784000,50457000,30.618726000000002,-96.33647500000001
43,223232.0,43.0,Baylor C. of Medicine,267849000,10196000,0,217583000,19479000,3074000,16588000,929000,31.545956,-97.119359
44,195030.0,44.0,U. Rochester,266322000,6326000,69787000,172093000,1891000,15613000,11000,601000,43.126397000000004,-77.631202
45,110404.0,45.0,California Institute of Technology,265206000,28592000,24947000,63384000,52639000,89490000,139000,6015000,34.139275,-118.12574000000001
46,104179.0,46.0,U. Arizona,262989000,20650000,10170000,96847000,49315000,54999000,11009000,19999000,32.232672,-110.950815
47,164988.0,47.0,Boston U.,253475000,19480000,6160000,189425000,6064000,25229000,167000,6950000,42.349581,-71.09984
48,,48.0,Scripps Research Institute,242489000,4373000,570000,213960000,1121000,3876000,0,18589000,,
49,153658.0,49.0,U. Iowa,237743000,10702000,2833000,187346000,10465000,13032000,993000,12372000,41.661935,-91.53642500000001
50,230764.0,50.0,U. Utah,233652000,18295000,18945000,150814000,2843000,37051000,606000,5098000,40.762484,-111.846044
51,209490.0,51.0,Oregon Health and Science U.,232688000,8128000,214000,216151000,1430000,5214000,341000,1210000,45.498772,-122.686096
52,126818.0,52.0,"Colorado State U., Fort Collins",232108000,60101000,11379000,37283000,8700000,32927000,35158000,46560000,40.574805000000005,-105.08073200000001
53,201885.0,53.0,U. Cincinnati,231817000,6834000,1546000,207016000,702000,10920000,51000,4748000,39.131159000000004,-84.51428
54,243780.0,54.0,"Purdue U., West Lafayette",229093000,34541000,21888000,42143000,6861000,65203000,30734000,27723000,40.428206,-86.914435
55,137351.0,55.0,"U. South Florida, Tampa",228365000,5242000,1866000,149677000,3386000,13771000,711000,53712000,28.061458000000002,-82.41323200000001
56,151351.0,56.0,"Indiana U., Bloomington",221801000,14792000,7718000,158085000,1619000,31418000,320000,7849000,39.166383,-86.526904
57,448886.0,57.0,Arizona State U.,212396000,32184000,17326000,56774000,27141000,58610000,1132000,19229000,33.453430000000004,-112.073221
58,234076.0,58.0,"U. Virginia, Charlottesville",210980000,24592000,6984000,133736000,3056000,21278000,46000,21288000,38.035665,-78.503428
59,163259.0,59.0,"U. Maryland, Baltimore",205988000,18509000,18000,183391000,697000,1320000,245000,1808000,39.29173,-76.624981
60,199193.0,60.0,North Carolina State U.,202336000,28180000,29032000,25476000,3232000,53595000,34727000,28094000,35.785111,-78.67451700000001
61,233921.0,61.0,Virginia Polytechnic Institute and State U.,195859000,42177000,13976000,36715000,3860000,37153000,23430000,38548000,37.229012000000004,-80.423675
62,135726.0,62.0,U. Miami,195328000,18718000,756000,131281000,6080000,14083000,461000,23949000,25.72126,-80.278662
63,211440.0,63.0,Carnegie Mellon U.,190620000,52563000,11313000,28864000,3573000,73066000,352000,20889000,40.444616,-79.942914
64,141574.0,64.0,"U. Hawaii, Manoa",190336000,48656000,6758000,47207000,13422000,29417000,14560000,30316000,21.298598000000002,-157.818979
65,,65.0,Albert Einstein C. of Medicine,188521000,7182000,301000,176372000,866000,708000,278000,2814000,,
66,145600.0,66.0,"U. Illinois, Chicago",187990000,6642000,4294000,141112000,407000,20348000,752000,14435000,41.872651000000005,-87.651145
67,228635.0,67.0,U. Texas Southwestern Medical Center,185263000,4033000,2000,174406000,4094000,1349000,0,1379000,32.812307000000004,-96.841156
68,196088.0,68.0,"SUNY, U. Buffalo",182883000,25289000,2399000,115701000,2642000,25976000,998000,9878000,43.000942,-78.789458
69,166708.0,69.0,"U. Massachusetts, Medical School",181446000,6387000,0,172140000,0,1040000,32000,1847000,42.277589,-71.760689
70,110653.0,70.0,"U. California, Irvine",177779000,13961000,9013000,104344000,5946000,36213000,31000,8271000,33.648434,-117.84124800000001
71,,71.0,Uniformed Services U. of the Health Sciences,175007000,145347000,398000,29040000,0,0,0,222000,,
72,,72.0,Woods Hole Oceanographic Institution,166010000,40952000,221000,2259000,8197000,92565000,2000,21814000,,
73,186131.0,73.0,Princeton U.,162003000,26103000,14029000,45895000,6960000,57197000,240000,11579000,40.348732,-74.65936500000001
74,187985.0,74.0,U. New Mexico,159280000,18439000,8730000,88071000,2818000,28412000,784000,12026000,35.083868,-106.62015500000001
75,209542.0,75.0,Oregon State U.,158142000,12124000,15312000,17586000,8433000,46681000,32515000,25491000,44.56395,-123.27472300000001
76,416801.0,76.0,U. Texas M. D. Anderson Cancer Center,155044000,3745000,0,150280000,237000,607000,0,175000,29.705395,-95.40079
77,157085.0,77.0,U. Kentucky,154559000,3352000,7767000,100626000,2101000,15972000,14578000,10163000,38.038911,-84.50474700000001
78,129020.0,78.0,U. Connecticut,146390000,9547000,5245000,86255000,1889000,19595000,6347000,17512000,41.809098,-72.249948
79,139959.0,79.0,U. Georgia,143886000,4838000,11902000,59303000,1884000,27402000,23685000,14872000,33.956262,-83.374039
80,234030.0,80.0,Virginia Commonwealth U.,143701000,12501000,1415000,105964000,238000,5490000,420000,17673000,37.547631,-77.453597
81,131469.0,81.0,George Washington U.,142889000,6087000,2393000,110100000,979000,12483000,489000,10358000,38.89865,-77.047871
82,199847.0,82.0,Wake Forest U.,141052000,23981000,364000,112209000,516000,2423000,120000,1439000,36.133609,-80.277446
83,216339.0,83.0,Temple U.,140775000,8439000,5443000,105638000,283000,13692000,1355000,5925000,39.980943,-75.15826700000001
84,155317.0,84.0,U. Kansas,140002000,6958000,4760000,88324000,3426000,19904000,1373000,15257000,38.958549,-95.247567
85,182670.0,85.0,Dartmouth C.,139090000,8203000,3367000,104147000,4076000,16784000,505000,2008000,43.704115,-72.28994900000001
86,217156.0,86.0,Brown U.,136931000,12801000,8666000,78408000,4504000,28618000,35000,3899000,41.826170000000005,-71.40385
87,236939.0,87.0,Washington State U.,136646000,7539000,17207000,26129000,596000,17893000,42813000,24469000,46.730448,-117.158168
88,207500.0,88.0,"U. Oklahoma, Norman and Health Science Center",134772000,6180000,8400000,64990000,3764000,13882000,850000,36706000,35.208152,-97.44569200000001
89,134097.0,89.0,Florida State U.,126289000,12506000,7184000,21371000,2549000,51255000,516000,30908000,30.440756,-84.291921
90,168148.0,90.0,Tufts U.,126109000,12641000,1324000,63460000,773000,14671000,14313000,18927000,42.408465,-71.120316
91,230728.0,91.0,Utah State U.,125661000,60221000,4097000,6033000,13675000,12174000,13979000,15482000,41.740748,-111.81391
92,153603.0,92.0,Iowa State U.,125397000,9126000,7407000,14218000,1315000,37161000,38507000,17663000,42.026212,-93.648504
93,218335.0,93.0,Medical U. South Carolina,124212000,4981000,2213000,111030000,159000,993000,0,4836000,32.786017,-79.946853
94,229300.0,94.0,"U. Texas Health Science Center, Houston",121098000,3294000,0,108980000,232000,586000,261000,7745000,29.702873,-95.403183
95,196097.0,95.0,"SUNY, Stony Brook U.",118549000,5762000,15336000,60070000,4824000,26546000,248000,5763000,40.91476,-73.12046000000001
96,110705.0,96.0,"U. California, Santa Barbara",116775000,31346000,9058000,17374000,4016000,44450000,0,10531000,34.416297,-119.84642600000001
97,130943.0,97.0,U. Delaware,113217000,17661000,8206000,30979000,3504000,26118000,8729000,18020000,39.679577,-75.75282200000001
98,172644.0,98.0,Wayne State U.,111532000,5287000,3045000,90109000,162000,8164000,83000,4682000,42.35861,-83.07286400000001
99,221759.0,99.0,"U. Tennessee, Knoxville",109722000,10417000,44048000,6267000,2173000,34075000,1677000,11065000,35.952082000000004,-83.925852
100,178396.0,100.0,"U. Missouri, Columbia",108674000,8219000,3981000,47576000,563000,20328000,18902000,9105000,38.941015,-92.326429
101,239080.0,101.0,Medical C. Wisconsin,108529000,5390000,9000,99737000,659000,90000,0,2644000,43.777411,-88.420638
102,166629.0,102.0,"U. Massachusetts, Amherst",106269000,11783000,5232000,24453000,3239000,38020000,8948000,14594000,42.385999,-72.526728
103,202480.0,103.0,U. Dayton,100955000,76886000,1553000,82000,678000,961000,0,20795000,39.739547,-84.176113
104,228653.0,104.0,U. Texas Medical Branch,100464000,5157000,168000,91652000,1803000,663000,100000,921000,29.311333,-94.776401
105,181464.0,105.0,"U. Nebraska, Lincoln",95426000,7976000,4769000,16283000,2205000,28127000,21914000,14152000,40.817598000000004,-96.700508
106,110714.0,106.0,"U. California, Santa Cruz",95294000,1765000,2859000,30443000,35274000,15220000,1107000,8626000,36.995584,-122.058801
107,218663.0,107.0,"U. South Carolina, Columbia",93885000,4923000,8424000,54616000,1807000,14834000,813000,8468000,33.996788,-81.02693500000001
108,183044.0,108.0,U. New Hampshire,93599000,2688000,1789000,13469000,18790000,20923000,11005000,24935000,43.134235000000004,-70.934512
109,102614.0,109.0,"U. Alaska, Fairbanks",89940000,6907000,1383000,7985000,17801000,27879000,3037000,24948000,64.85756,-147.823146
110,228644.0,110.0,"U. Texas Health Science Center, San Antonio",89742000,9720000,0,74307000,29000,732000,0,4954000,29.504716000000002,-98.57606
111,160755.0,111.0,Tulane U.,89087000,2506000,1616000,74098000,63000,6359000,21000,4424000,29.939696,-90.12040900000001
112,132903.0,112.0,U. Central Florida,87417000,31751000,5096000,10613000,15743000,11720000,849000,11645000,28.60106,-81.19880500000001
113,176080.0,113.0,Mississippi State U.,87277000,13439000,11646000,6754000,987000,7178000,27070000,20203000,33.454852,-88.790139
114,152080.0,114.0,U. Notre Dame,87129000,19713000,13181000,21089000,1461000,26711000,567000,4407000,41.703058,-86.23895900000001
115,159391.0,115.0,"Louisiana State U., Baton Rouge",86754000,5943000,5820000,34864000,2336000,15768000,10888000,11135000,30.414986000000003,-91.178921
116,131496.0,116.0,Georgetown U.,83827000,10340000,354000,54539000,1776000,4640000,29000,12149000,38.908809,-77.073463
117,227757.0,117.0,Rice U.,83273000,19327000,7818000,20700000,3005000,30104000,319000,2000000,29.717897,-95.402035
118,231174.0,118.0,U. Vermont,83124000,2577000,187000,58885000,1881000,10821000,6603000,2170000,44.479262,-73.198128
119,167358.0,119.0,Northeastern U.,81124000,13966000,2420000,30589000,530000,22160000,50000,11409000,42.339992,-71.08878200000001
120,195049.0,120.0,Rockefeller U.,80667000,6156000,131000,72325000,0,1776000,106000,173000,40.762927000000005,-73.95491200000001
121,196060.0,121.0,"SUNY, U. Albany",77734000,1482000,417000,51087000,456000,5221000,180000,18891000,42.686917,-73.825014
122,181428.0,122.0,"U. Nebraska, Medical Center",76221000,5037000,0,69641000,254000,644000,75000,570000,41.256312,-95.973966
123,133951.0,123.0,Florida International U.,76127000,4328000,5156000,23260000,547000,16220000,1323000,25293000,25.757111000000002,-80.37759100000001
124,238032.0,124.0,West Virginia U.,72751000,1460000,14034000,28035000,4319000,10691000,8024000,6188000,39.634371,-79.954391
125,157289.0,125.0,U. Louisville,71760000,3902000,38000,59881000,546000,4455000,313000,2625000,38.215752,-85.758843
126,155399.0,126.0,Kansas State U.,71224000,2865000,7358000,9991000,350000,13103000,26065000,11492000,39.188648,-96.58107700000001
127,110671.0,127.0,"U. California, Riverside",70489000,7009000,6832000,18537000,1920000,23498000,8265000,4428000,33.975880000000004,-117.33109800000001
128,100706.0,128.0,"U. Alabama, Huntsville",69824000,42163000,365000,123000,19653000,4043000,506000,2971000,34.724557000000004,-86.640449
129,180461.0,129.0,"Montana State U., Bozeman",68471000,10698000,7304000,18910000,5297000,11912000,6471000,7879000,45.666726000000004,-111.04881200000001
130,185828.0,130.0,New Jersey Institute of Technology,67490000,14921000,890000,8293000,3226000,6155000,194000,33811000,40.741997000000005,-74.177113
131,212054.0,131.0,Drexel U.,67020000,8456000,2214000,37571000,641000,13838000,543000,3757000,39.954855,-75.188745
132,209551.0,132.0,U. Oregon,66850000,1213000,4964000,33697000,200000,13211000,378000,13187000,44.045146,-123.075792
133,176017.0,133.0,U. Mississippi,64510000,5175000,1363000,42124000,1465000,3396000,8854000,2133000,34.365529,-89.537434
134,240727.0,134.0,U. Wyoming,63951000,602000,4106000,13422000,2136000,16075000,11334000,16276000,41.311773,-105.57931
135,225511.0,135.0,U. Houston,62703000,4319000,4335000,25710000,3987000,16557000,0,7795000,29.720393,-95.343537
136,188049.0,136.0,New Mexico State U.,62292000,29063000,5000000,7210000,3860000,8146000,6310000,2703000,34.728683000000004,-106.70537100000001
137,217475.0,137.0,U. Rhode Island,61641000,6172000,965000,15408000,558000,14392000,6518000,17628000,41.712817,-71.481509
138,217882.0,138.0,Clemson U.,60165000,4125000,5232000,6752000,965000,14639000,4231000,24221000,34.679381,-82.835114
139,216366.0,139.0,Thomas Jefferson U.,58866000,2100000,0,56030000,347000,389000,0,0,39.948274000000005,-75.158266
140,232186.0,140.0,George Mason U.,58864000,17597000,478000,8866000,6970000,10264000,426000,14263000,38.83088,-77.30794
141,119678.0,141.0,Naval Postgraduate School,56045000,52304000,1210000,0,143000,2075000,0,313000,36.597159000000005,-121.87424800000001
142,100858.0,142.0,"Auburn U., Auburn",54751000,5059000,2246000,10571000,1275000,8664000,10513000,16423000,32.599378,-85.488258
143,182290.0,143.0,"U. Nevada, Reno",53371000,1289000,7427000,20979000,684000,8729000,4364000,9899000,39.543642,-119.81537700000001
144,139940.0,144.0,Georgia State U.,52351000,2576000,1191000,34089000,616000,6058000,260000,7561000,33.752700000000004,-84.38667000000001
145,194824.0,145.0,Rensselaer Polytechnic Institute,52163000,9129000,6814000,11954000,994000,19697000,49000,3526000,42.728983,-73.678768
146,142285.0,146.0,U. Idaho,51295000,3523000,3838000,8316000,2493000,11802000,15858000,5465000,46.726894,-117.024296
147,163268.0,147.0,"U. Maryland, Baltimore County",50984000,7952000,407000,12811000,19246000,8524000,458000,1586000,39.256686,-76.711607
148,,148.0,Cold Spring Harbor Laboratory,50478000,1381000,1109000,37854000,0,7401000,917000,1816000,,
149,148511.0,149.0,Rush U.,50332000,93000,0,50001000,0,69000,0,169000,41.874911000000004,-87.66749800000001
150,482149.0,150.0,Augusta U.,50294000,1051000,0,48887000,0,356000,0,0,33.47077,-81.990651
151,202134.0,151.0,Cleveland State U.,49925000,2095000,43000,44897000,546000,1562000,0,782000,41.502918,-81.673052
152,106263.0,152.0,U. Arkansas for Medical Sciences,48999000,1064000,0,46183000,1095000,147000,0,510000,34.749048,-92.320046
153,165015.0,153.0,Brandeis U.,48273000,829000,1864000,36382000,0,6462000,0,2736000,42.364947,-71.254716
154,128328.0,154.0,U.S. Air Force Academy,46958000,44934000,114000,0,247000,197000,0,1466000,39.010957000000005,-104.89135800000001
155,122409.0,155.0,San Diego State U.,44495000,3792000,1060000,27710000,1523000,8392000,124000,1894000,32.77525,-117.071228
156,207388.0,156.0,"Oklahoma State U., Stillwater",42976000,7754000,2515000,6214000,441000,9878000,9307000,6867000,36.123085,-97.069743
157,200280.0,157.0,U. North Dakota,42425000,273000,17433000,11270000,5242000,3745000,2164000,2298000,47.921654000000004,-97.07173800000001
158,228796.0,158.0,"U. Texas, El Paso",42423000,4714000,1304000,14527000,2669000,10551000,1936000,6722000,31.771697,-106.50356000000001
159,106397.0,159.0,"U. Arkansas, Fayetteville",40642000,1236000,1725000,2275000,1006000,11053000,13187000,10160000,36.070009,-94.176981
160,232982.0,160.0,Old Dominion U.,39743000,5609000,3767000,5073000,3141000,6814000,52000,15287000,36.886418,-76.30666000000001
161,180489.0,161.0,"U. Montana, Missoula",38753000,4843000,124000,12559000,4225000,7779000,5743000,3480000,46.859312,-113.98291200000001
162,487010.0,162.0,"U. Tennessee, Health Science Center",38374000,2438000,0,35884000,0,18000,6000,28000,35.140634,-90.030435
163,190567.0,163.0,"CUNY, City C.",37525000,2104000,1245000,13814000,2086000,8394000,59000,9823000,40.819794,-73.95055
164,133650.0,164.0,Florida A&M U.,37363000,1332000,1945000,7351000,160000,2439000,7860000,16276000,30.428504,-84.290226
165,196413.0,165.0,Syracuse U.,36106000,4311000,2433000,7129000,112000,14424000,497000,7200000,43.040176,-76.136975
166,126775.0,166.0,Colorado School of Mines,35677000,3585000,16851000,2283000,1793000,9292000,36000,1837000,39.75079,-105.227148
167,200332.0,167.0,North Dakota State U.,35590000,981000,1819000,5417000,61000,7746000,12776000,6790000,46.893127,-96.800838
168,228787.0,168.0,"U. Texas, Dallas",35451000,8724000,1410000,10721000,2523000,10334000,21000,1718000,32.984673,-96.749702
169,161253.0,169.0,U. Maine,34277000,586000,2425000,1212000,2232000,12820000,9203000,5799000,44.899257,-68.669332
170,231624.0,170.0,C. of William and Mary and Virginia Institute of Marine Science,34133000,3315000,1987000,1596000,564000,7809000,247000,18615000,37.269489,-76.708214
171,131520.0,171.0,Howard U.,33441000,2129000,491000,18435000,54000,7076000,0,5256000,38.920739000000005,-77.019478
172,243203.0,172.0,"U. Puerto Rico, Medical Sciences Campus",33348000,87000,0,31682000,0,1579000,0,0,18.396548,-66.074894
173,229115.0,173.0,Texas Tech U.,32405000,5397000,3676000,3606000,835000,6538000,2074000,10279000,33.583448000000004,-101.87478300000001
174,209807.0,174.0,Portland State U.,32021000,2397000,1043000,8106000,895000,7079000,1106000,11395000,45.511229,-122.683553
175,159373.0,175.0,"Louisiana State U., Health Sciences Center â€“ New Orleans",31526000,522000,0,30447000,0,314000,0,243000,29.957272,-90.083145
176,122755.0,176.0,San Jose State U.,31318000,341000,70000,698000,20305000,1842000,72000,7990000,37.336569000000004,-121.880621
177,166638.0,177.0,"U. Massachusetts, Boston",30608000,789000,22000,9909000,1567000,6115000,0,12206000,42.312881000000004,-71.036865
178,197708.0,178.0,Yeshiva U.,30266000,988000,208000,28482000,0,420000,13000,155000,40.8508,-73.928541
179,206604.0,179.0,Wright State U.,30162000,17039000,298000,8935000,682000,2584000,63000,561000,39.780634,-84.064881
180,171128.0,180.0,Michigan Technological U.,29774000,11227000,1285000,1758000,1520000,9971000,1649000,2364000,47.118300000000005,-88.546403
181,219356.0,181.0,South Dakota State U.,29633000,201000,2341000,2098000,3713000,7576000,9031000,4673000,44.317485000000005,-96.782139
182,186867.0,182.0,Stevens Institute of Technology,28999000,13180000,210000,1217000,309000,7170000,83000,6830000,40.744776,-74.025334
183,140562.0,183.0,Morehouse School of Medicine,28678000,143000,0,28330000,74000,8000,0,123000,33.742888,-84.41186
184,230038.0,184.0,"Brigham Young U., Provo",28453000,4871000,1517000,5484000,1998000,10025000,1380000,3178000,40.250851000000004,-111.649281
185,100751.0,185.0,"U. Alabama, Tuscaloosa",28425000,2954000,2493000,5317000,1108000,7130000,396000,9027000,33.2144,-87.545766
186,206084.0,186.0,U. Toledo,27802000,1615000,1821000,12487000,3496000,5667000,525000,2191000,41.660572,-83.614714
187,166513.0,187.0,"U. Massachusetts, Lowell",27694000,7822000,985000,8120000,1230000,5941000,40000,3556000,42.65372,-71.325081
188,228909.0,188.0,"U. North Texas, Health Science Center",27163000,49000,0,21265000,0,157000,0,5692000,32.749818,-97.368897
189,164924.0,189.0,Boston C.,27033000,2952000,778000,12833000,220000,6455000,86000,3709000,42.337688,-71.171488
190,179159.0,190.0,Saint Louis U.,26813000,335000,1000,22382000,240000,1016000,8000,2831000,38.636516,-90.23343
191,228769.0,191.0,"U. Texas, Arlington",26664000,4246000,1374000,2541000,1077000,8187000,108000,9131000,32.728437,-97.115087
192,195003.0,192.0,Rochester Institute of Technology,26149000,6555000,575000,2965000,2232000,10130000,227000,3465000,43.084188000000005,-77.67386
193,168421.0,193.0,Worcester Polytechnic Institute,25976000,9382000,1312000,3795000,125000,7804000,49000,3509000,42.275067,-71.808792
194,196255.0,194.0,"SUNY, Downstate Medical Center",25941000,928000,0,24519000,0,211000,0,283000,40.655283000000004,-73.943827
195,229027.0,195.0,"U. Texas, San Antonio",25813000,6316000,440000,11472000,468000,3767000,338000,3012000,29.582418,-98.621386
196,240453.0,196.0,U. Wisconsin-Milwaukee,25651000,247000,1457000,9748000,144000,10833000,345000,2877000,43.076848,-87.880488
197,182281.0,197.0,"U. Nevada, Las Vegas",25613000,1554000,6902000,7881000,1028000,4393000,200000,3655000,36.106994,-115.141153
198,176372.0,198.0,U. Southern Mississippi,25482000,7734000,58000,4260000,1169000,3191000,1433000,7637000,31.326610000000002,-89.331236
199,200800.0,199.0,U. Akron,25433000,13174000,582000,1826000,879000,6687000,0,2285000,41.078551000000004,-81.511679
200,146719.0,200.0,"Loyola U., Chicago",25363000,1053000,132000,21177000,71000,1466000,130000,1334000,41.999161,-87.657399
201,145725.0,201.0,Illinois Institute of Technology,23821000,1989000,5584000,9278000,474000,4482000,462000,1552000,41.8313,-87.62732100000001
202,105330.0,202.0,Northern Arizona U.,23442000,3266000,1102000,4806000,872000,6048000,3099000,4249000,35.188449,-111.65372400000001
203,100654.0,203.0,Alabama A&M U.,22478000,2910000,1367000,8771000,660000,4077000,2047000,2646000,34.783368,-86.56850200000001
204,231970.0,204.0,Eastern Virginia Medical School,21459000,181000,0,7568000,435000,0,0,13275000,36.861232,-76.30069400000001
205,213543.0,205.0,Lehigh U.,21429000,4247000,3344000,4390000,0,7798000,0,1650000,40.607158,-75.378887
206,196112.0,206.0,"SUNY, Polytechnic Institute",21380000,9555000,5363000,2691000,76000,1679000,0,2016000,43.13528,-75.2292
207,140447.0,207.0,Mercer U.,21120000,19055000,0,1869000,40000,0,0,156000,32.831787,-83.648295
208,199102.0,208.0,North Carolina Agricultural and Technical State U.,21112000,3409000,1476000,973000,551000,7542000,6538000,623000,36.076737,-79.770152
209,228459.0,209.0,Texas State U.,21049000,1283000,318000,3757000,4279000,2649000,611000,8152000,29.889202,-97.936392
210,243665.0,210.0,U. of the Virgin Islands,20951000,0,0,2532000,428000,5048000,3088000,9855000,18.344193,-64.972866
211,175856.0,211.0,Jackson State U.,20854000,3727000,348000,6951000,107000,6079000,0,3642000,32.296781,-90.20663
212,199139.0,212.0,"U. North Carolina, Charlotte",20269000,4650000,471000,4260000,156000,6417000,138000,4177000,35.306022,-80.730919
213,190594.0,213.0,"CUNY, Hunter C.",20037000,276000,374000,17371000,1000,1809000,24000,182000,40.768669,-73.96479500000001
214,151102.0,214.0,"Indiana U.-Purdue U., Indianapolis",19954000,676000,460000,12675000,46000,3917000,124000,2056000,41.115418,-85.11174700000001
215,131283.0,215.0,Catholic U. of America,19928000,935000,6925000,2403000,7523000,1582000,0,560000,38.935796,-76.99896100000001
216,200697.0,216.0,Air Force Institute of Technology,19796000,19383000,13000,0,11000,48000,0,341000,39.780663000000004,-84.08724600000001
217,196307.0,217.0,"SUNY, Upstate Medical U.",18942000,2832000,0,15670000,130000,270000,0,40000,43.042951,-76.138976
218,,218.0,Desert Research Institute,18883000,1866000,7970000,0,1225000,3190000,1070000,3562000,,
219,178411.0,219.0,Missouri U. of Science and Technology,18833000,1759000,4279000,373000,1651000,6503000,24000,4244000,37.953426,-91.775583
220,,220.0,"U. Tennessee, Knoxville, Institute of Agriculture",18598000,398000,2283000,2148000,0,446000,10722000,2601000,,
221,189547.0,221.0,"SUNY, Binghamton U.",18562000,2600000,4059000,5855000,3000,4282000,30000,1733000,42.135872,-75.90806500000001
222,220862.0,222.0,U. Memphis,18098000,2550000,200000,7148000,10000,3895000,201000,4094000,35.118878,-89.938068
223,199148.0,223.0,"U. North Carolina, Greensboro",17902000,693000,0,8688000,0,1572000,654000,6295000,36.067503,-79.809844
224,102094.0,224.0,U. South Alabama,17628000,1000000,25000,12406000,49000,3110000,94000,944000,30.696033,-88.178711
225,187967.0,225.0,New Mexico Institute of Mining and Technology,17017000,2781000,5711000,2179000,2050000,3241000,0,1055000,34.066035,-106.90749100000001
226,142115.0,226.0,Boise State U.,16953000,588000,1745000,3162000,1049000,6729000,1080000,2600000,43.604403000000005,-116.20578900000001
227,160658.0,227.0,"U. Louisiana, Lafayette",16893000,509000,756000,5674000,206000,2600000,187000,6961000,30.215283,-92.01941000000001
228,227368.0,228.0,U. Texas Rio Grande Valley,16892000,1613000,0,8902000,0,2640000,1738000,1999000,26.306629,-98.172112
229,117636.0,229.0,Loma Linda U.,16118000,2764000,0,11273000,2081000,0,0,0,34.051241000000005,-117.26060500000001
230,140553.0,230.0,Morehouse C.,15957000,779000,293000,1591000,5000,1328000,42000,11919000,33.747930000000004,-84.415156
231,243221.0,231.0,"U. Puerto Rico, Rio Piedras",15892000,890000,179000,4876000,1826000,6931000,244000,946000,18.402826,-66.050009
232,228246.0,232.0,Southern Methodist U.,15587000,4329000,2526000,1717000,268000,3692000,34000,3021000,32.845254000000004,-96.78485500000001
233,133669.0,233.0,Florida Atlantic U.,15356000,1951000,1014000,5202000,130000,2956000,0,4103000,26.372421,-80.10297800000001
234,130934.0,234.0,Delaware State U.,15260000,1043000,451000,3356000,481000,5397000,3632000,900000,39.187173,-75.54053
235,204857.0,235.0,Ohio U.,14678000,1114000,2195000,3633000,587000,2892000,215000,4042000,39.326798000000004,-82.10098500000001
236,149222.0,236.0,"Southern Illinois U., Carbondale",14574000,2014000,772000,6374000,37000,2017000,1097000,2263000,37.714193,-89.217273
237,243197.0,237.0,"U. Puerto Rico, Mayaguez",14446000,1656000,105000,1678000,223000,3372000,743000,6669000,18.211142000000002,-67.139172
238,163453.0,238.0,Morgan State U.,14343000,2532000,422000,4597000,4760000,950000,6000,1076000,39.344235000000005,-76.584238
239,190664.0,239.0,"CUNY, Queens C.",14275000,841000,7975000,3292000,0,1956000,1000,210000,40.735182,-73.816098
240,232265.0,240.0,Hampton U.,14201000,1139000,1405000,3504000,4281000,3872000,0,0,37.019944,-76.339161
241,426314.0,241.0,Embry-Riddle Aeronautical U.,14135000,157000,0,0,348000,1103000,0,12527000,29.18927,-81.04951
242,,242.0,"U. Maryland, Center for Environmental Science",13957000,208000,0,164000,235000,4024000,143000,9183000,,
243,186399.0,243.0,"Rutgers, State U. New Jersey, Newark",13737000,771000,98000,7192000,200000,4785000,34000,657000,40.741303,-74.17529400000001
244,220792.0,244.0,Meharry Medical C.,13528000,78000,0,13435000,0,0,0,15000,36.165458,-86.807371
245,197036.0,245.0,U.S. Military Academy,13500000,13481000,0,0,0,19000,0,0,41.390479,-73.956603
246,110608.0,246.0,"California State U., Northridge",13442000,1904000,59000,5421000,291000,4573000,1000,1193000,34.23671,-118.52681700000001
247,178402.0,247.0,"U. Missouri, Kansas City",13081000,792000,157000,9886000,530000,1267000,54000,395000,39.035366,-94.578039
248,198464.0,248.0,East Carolina U.,13073000,280000,0,9954000,244000,1426000,52000,1117000,35.607186,-77.368291
249,122597.0,249.0,San Francisco State U.,12804000,236000,143000,7212000,464000,2878000,13000,1858000,37.721345,-122.477905
250,227216.0,250.0,"U. North Texas, Denton",12621000,2478000,1497000,725000,111000,7061000,116000,633000,33.211178000000004,-97.148422
251,221838.0,251.0,Tennessee State U.,12291000,1112000,521000,901000,15000,1611000,7413000,718000,36.16899,-86.82937
252,172699.0,252.0,Western Michigan U. and Homer Stryker M.D. School of Medicine,12287000,718000,223000,1526000,228000,4119000,0,5473000,42.282589,-85.61512
253,445188.0,253.0,"U. California, Merced",12206000,770000,875000,3379000,728000,5419000,366000,669000,37.366237,-120.42494400000001
254,111966.0,254.0,Charles R. Drew U. of Medicine and Science,12089000,2345000,0,9744000,0,0,0,0,33.925658,-118.24279100000001
255,,255.0,Van Andel Institute,11970000,414000,0,9557000,0,0,0,1999000,,
256,142276.0,256.0,Idaho State U.,11926000,1499000,3122000,1994000,488000,3963000,156000,704000,42.864108,-112.429084
257,102553.0,257.0,"U. Alaska, Anchorage",11867000,38000,0,2311000,2000,2467000,157000,6892000,61.190163000000005,-149.82619
258,196468.0,258.0,"Columbia U., Teachers C.",11635000,241000,0,1353000,0,1583000,0,8458000,40.810311,-73.96039900000001
259,110422.0,259.0,"California Polytechnic State U., San Luis Obispo",11276000,2606000,1508000,2159000,1099000,2423000,502000,979000,35.299513000000005,-120.657311
260,198543.0,260.0,Fayetteville State U.,11207000,1004000,0,818000,0,829000,58000,8498000,35.073641,-78.891696
261,110583.0,261.0,"California State U., Long Beach",11176000,159000,476000,7211000,508000,1188000,539000,1095000,33.782818,-118.11204000000001
262,127060.0,262.0,U. Denver,11029000,132000,537000,4663000,126000,3608000,0,1963000,39.678005,-104.96325900000001
263,164155.0,263.0,U.S. Naval Academy,11016000,10432000,214000,0,86000,284000,0,0,38.980507,-76.48169200000001
264,193830.0,264.0,New York Medical C.,10772000,0,0,9781000,377000,0,0,614000,41.085031,-73.810042
265,188580.0,265.0,Albany Medical C.,10714000,427000,0,10165000,0,0,0,122000,42.653178000000004,-73.77397500000001
266,181002.0,266.0,Creighton U.,10619000,896000,323000,7999000,152000,857000,53000,339000,41.265325000000004,-95.947029
267,160904.0,267.0,Xavier U. Louisiana,10503000,436000,130000,8330000,657000,820000,0,130000,29.964162,-90.107307
268,199157.0,268.0,North Carolina Central U.,10455000,564000,269000,5316000,407000,2715000,264000,920000,35.974237,-78.898602
269,156125.0,269.0,Wichita State U.,10442000,770000,23000,1138000,1028000,1016000,1380000,5087000,37.716484,-97.296733
270,102377.0,270.0,Tuskegee U.,10388000,96000,0,37000,8000,5663000,4235000,349000,32.4309,-85.708492
271,229337.0,271.0,"Texas Tech U., Health Sciences Center",10384000,667000,0,8878000,0,419000,0,420000,33.593227,-101.89359
272,219347.0,272.0,South Dakota School of Mines and Technology,10370000,4157000,1014000,254000,1713000,2895000,8000,329000,44.075439,-103.205753
273,239105.0,273.0,Marquette U.,10298000,481000,0,6924000,29000,2648000,18000,198000,43.039030000000004,-87.927961
274,203517.0,274.0,Kent State U.,10013000,436000,1046000,2881000,148000,4026000,353000,1123000,41.146653,-81.342533
275,147703.0,275.0,Northern Illinois U.,9957000,74000,1649000,1667000,116000,2703000,265000,3483000,41.933869,-88.766428
276,138354.0,276.0,U. West Florida,9841000,729000,72000,453000,2000,169000,0,8416000,30.549076,-87.218511
277,131159.0,277.0,American U.,9554000,410000,0,2713000,732000,1422000,293000,3984000,38.937802000000005,-77.090106
278,220181.0,278.0,Fisk U.,9544000,1454000,780000,982000,0,3628000,0,2700000,36.16912,-86.805671
279,133881.0,279.0,Florida Institute of Technology,9500000,2936000,479000,217000,1134000,2435000,0,2299000,28.064503000000002,-80.624628
280,141565.0,280.0,"U. Hawaii, Hilo",9402000,445000,269000,4468000,312000,1150000,493000,2265000,19.701854,-155.081329
281,204015.0,281.0,Miami U.,9189000,189000,356000,4488000,6000,2983000,59000,1108000,39.523776,-84.35724
282,204477.0,282.0,Northeast Ohio Medical U.,9181000,18000,0,8871000,0,220000,1000,71000,41.102919,-81.24530200000001
283,207209.0,283.0,Langston U.,9178000,198000,0,84000,0,237000,7770000,889000,35.943982,-97.260317
284,237525.0,284.0,Marshall U.,9158000,566000,45000,4358000,400000,1396000,0,2393000,38.422482,-82.42896400000001
285,219471.0,285.0,U. South Dakota,8832000,18000,179000,6016000,81000,2181000,0,357000,42.784558000000004,-96.924664
286,224110.0,286.0,Texas A&M U.-Corpus Christi,8669000,638000,12000,76000,613000,1674000,53000,5603000,33.618269,-97.165273
287,145558.0,287.0,Rosalind Franklin U. of Medicine and Science,8478000,348000,0,7877000,0,253000,0,0,42.300069,-87.859632
288,112251.0,288.0,Claremont Graduate U.,8399000,1092000,124000,5747000,91000,973000,58000,314000,34.103778,-117.712394
289,196103.0,289.0,"SUNY, C. of Environmental Science and Forestry",8313000,59000,460000,144000,300000,1050000,2440000,3860000,43.034765,-76.138724
290,174233.0,290.0,"U. Minnesota, Duluth",8055000,367000,309000,124000,91000,5146000,173000,1845000,46.817126,-92.084385
291,227526.0,291.0,Prairie View A&M U.,7952000,1006000,369000,76000,30000,997000,5474000,0,30.092425000000002,-95.989475
292,163338.0,292.0,"U. Maryland, Eastern Shore",7853000,0,0,63000,0,0,3837000,3953000,38.207386,-75.686852
293,158802.0,293.0,Dillard U.,7605000,333000,0,6927000,10000,120000,0,215000,29.996587,-90.06464
294,227845.0,294.0,St. Edward's U.,7500000,0,0,300000,450000,2350000,500000,3900000,30.229844,-97.75763
295,228705.0,295.0,Texas A&M U.-Kingsville,7475000,58000,30000,1026000,0,358000,2881000,3122000,27.524852000000003,-97.88234200000001
296,136215.0,296.0,Nova Southeastern U.,7381000,1911000,39000,2353000,0,131000,50000,2897000,26.079337000000002,-80.24248
297,232937.0,297.0,Norfolk State U.,7230000,1711000,3568000,111000,0,1798000,0,42000,36.848262,-76.26393
298,181394.0,298.0,"U. Nebraska, Omaha",7180000,906000,0,3766000,802000,768000,0,938000,41.257746000000004,-96.010797
299,243081.0,299.0,Ponce Health Sciences U.,6951000,0,0,6951000,0,0,0,0,17.993242000000002,-66.620343
300,159939.0,300.0,U. New Orleans,6826000,1297000,51000,206000,227000,1833000,17000,3195000,30.028539000000002,-90.068506
301,240754.0,301.0,U. Guam,6621000,553000,0,896000,17000,1411000,2093000,1651000,13.433047,144.803978
302,167987.0,302.0,"U. Massachusetts, Dartmouth",6548000,1447000,67000,287000,329000,2095000,29000,2294000,41.628861,-71.005528
303,435000.0,303.0,"Louisiana State U., Health Sciences Center - Shreveport",6478000,156000,0,6031000,0,137000,154000,0,32.481019,-93.76081
304,,304.0,National Defense U.,6447000,6447000,0,0,0,0,0,0,,
305,207971.0,305.0,U. Tulsa,6426000,948000,1114000,411000,334000,2216000,13000,1390000,36.151887,-95.945175
306,175342.0,306.0,Alcorn State U.,6387000,391000,0,389000,10000,166000,5423000,8000,31.877216,-91.142854
307,110510.0,307.0,"California State U., San Bernardino",6348000,182000,0,2052000,20000,2248000,663000,1183000,34.182987000000004,-117.32250800000001
308,243568.0,308.0,U. Central del Caribe,6290000,0,0,6290000,0,0,0,0,18.366171,-66.153758
309,247819.0,309.0,C. Charleston,6269000,13000,62000,302000,1443000,2765000,30000,1654000,,
310,201441.0,310.0,Bowling Green State U.,6229000,617000,137000,2023000,2000,2962000,100000,388000,41.375513,-83.640896
311,171571.0,311.0,Oakland U.,6198000,1132000,138000,3402000,50000,1285000,14000,177000,42.674573,-83.216418
312,190044.0,312.0,Clarkson U.,6183000,1596000,298000,139000,2000,2142000,261000,1745000,44.662716,-74.999359
313,138947.0,313.0,Clark Atlanta U.,6048000,246000,526000,3677000,30000,1511000,58000,0,33.747628,-84.41258400000001
314,190549.0,314.0,"CUNY, Brooklyn C.",5995000,0,266000,4094000,130000,1032000,36000,437000,40.631912,-73.95312
315,191241.0,315.0,Fordham U.,5979000,126000,0,2954000,0,1217000,60000,1622000,40.859354,-73.882705
316,199218.0,316.0,"U. North Carolina, Wilmington",5966000,971000,92000,731000,52000,1275000,0,2845000,34.225223,-77.875527
317,212106.0,317.0,Duquesne U.,5809000,39000,24000,3798000,0,722000,0,1226000,40.437496,-79.993046
318,220075.0,318.0,East Tennessee State U.,5658000,76000,0,4815000,0,507000,0,260000,36.301643,-82.366954
319,145813.0,319.0,Illinois State U.,5630000,197000,111000,1350000,63000,1714000,153000,2042000,40.509403,-88.990058
320,110617.0,320.0,"California State U., Sacramento",5619000,47000,16000,668000,0,540000,132000,4216000,38.55745,-121.42194
321,159647.0,321.0,Louisiana Tech U.,5455000,567000,273000,617000,445000,1583000,278000,1692000,32.528297,-92.649963
322,169248.0,322.0,Central Michigan U.,5387000,444000,524000,531000,0,1481000,47000,2360000,43.591203,-84.77525
323,161457.0,323.0,U. New England,5298000,0,0,3343000,0,1310000,55000,590000,43.458172000000005,-70.38588200000001
324,366711.0,324.0,"California State U., San Marcos",5273000,135000,0,2679000,34000,1261000,63000,1101000,33.130569,-117.159013
325,184782.0,325.0,Rowan U.,5252000,88000,0,3638000,5000,523000,0,998000,39.709768000000004,-75.117974
326,234155.0,326.0,Virginia State U.,5204000,0,0,260000,32000,1213000,3621000,78000,37.236453000000004,-77.419886
327,168218.0,327.0,Wellesley C.,5197000,0,27000,1013000,720000,2572000,0,865000,42.291554000000005,-71.306605
328,157058.0,328.0,Kentucky State U.,5146000,0,0,0,25000,73000,4878000,170000,38.201056,-84.85548800000001
329,178420.0,329.0,"U. Missouri, Saint Louis",4959000,909000,191000,1888000,62000,796000,46000,1067000,38.711297,-90.308886
330,177940.0,330.0,"Lincoln U., Jefferson City",4953000,0,0,0,0,711000,4242000,0,38.564409000000005,-92.168509
331,106245.0,331.0,"U. Arkansas, Little Rock",4934000,607000,56000,606000,1037000,1966000,0,662000,34.726644,-92.341835
332,139719.0,332.0,Fort Valley State U.,4844000,0,0,0,0,638000,4206000,0,32.538163000000004,-83.895548
333,106458.0,333.0,"Arkansas State U., Jonesboro",4826000,236000,14000,411000,14000,1861000,1428000,862000,35.842388,-90.67998800000001
334,237011.0,334.0,Western Washington U.,4701000,151000,20000,268000,43000,3078000,269000,872000,48.737236,-122.48487300000001
335,241739.0,335.0,U. Metropolitana,4630000,0,0,47000,999000,3526000,58000,0,18.387183,-66.06164700000001
336,190600.0,336.0,"CUNY, John Jay C. of Criminal Justice",4625000,0,152000,1405000,0,512000,0,2556000,40.770351,-73.98841
337,144740.0,337.0,DePaul U.,4623000,14000,0,2308000,202000,2035000,0,64000,41.877618,-87.62724
338,218733.0,338.0,South Carolina State U.,4556000,293000,195000,2647000,49000,493000,84000,795000,33.497439,-80.851185
339,228529.0,339.0,Tarleton State U.,4495000,0,0,0,0,0,3826000,669000,32.214988,-98.214866
340,115755.0,340.0,Humboldt State U.,4455000,0,1909000,85000,0,647000,535000,1279000,40.8741,-124.0814
341,433660.0,341.0,Florida Gulf Coast U.,4442000,7000,0,421000,5000,534000,0,3475000,26.464262,-81.773578
342,216597.0,342.0,Villanova U.,4334000,734000,27000,205000,570000,2470000,0,328000,40.039388,-75.345457
343,223232.0,343.0,Baylor U.,4244000,463000,535000,1156000,75000,1698000,154000,163000,31.545956,-97.119359
344,106412.0,344.0,"U. Arkansas, Pine Bluff",4233000,121000,0,186000,324000,602000,2976000,24000,34.244031,-92.01868300000001
345,237899.0,345.0,West Virginia State U.,4126000,362000,0,171000,0,229000,2939000,425000,38.380541,-81.765034
346,221847.0,346.0,Tennessee Technological U.,4076000,911000,373000,43000,51000,2253000,0,445000,36.174659,-85.503957
347,157951.0,347.0,Western Kentucky U.,4018000,120000,0,749000,151000,1047000,1019000,932000,36.985718,-86.455898
348,126580.0,348.0,U. Colorado Colorado Springs,3976000,1849000,0,590000,20000,1400000,0,117000,38.892735,-104.800296
349,217420.0,349.0,Rhode Island C.,3928000,0,0,1168000,0,86000,0,2674000,41.842415,-71.46556
350,180416.0,350.0,Montana Tech of U. Montana,3916000,1973000,549000,438000,0,301000,44000,611000,46.012164,-112.557
351,110565.0,351.0,"California State U., Fullerton",3815000,418000,8000,1157000,37000,1803000,85000,307000,33.883627000000004,-117.885349
352,110592.0,352.0,"California State U., Los Angeles",3804000,584000,195000,865000,1053000,681000,0,426000,34.066927,-118.16896500000001
353,161873.0,353.0,U. Baltimore,3769000,0,0,1327000,0,0,153000,2289000,39.305834000000004,-76.616591
354,485537.0,354.0,"U. Texas Health Science Center, Tyler",3757000,0,0,3757000,0,0,0,0,32.42864,-95.211741
355,152248.0,355.0,"Purdue U., Calumet",3712000,33000,581000,197000,12000,395000,69000,2425000,41.584742,-87.47376
356,409698.0,356.0,"California State U., Monterey Bay",3654000,62000,0,323000,2537000,269000,174000,289000,36.653724000000004,-121.799216
357,190637.0,357.0,"CUNY, Lehman C.",3625000,56000,82000,1278000,106000,2103000,0,0,40.873928,-73.894627
358,228875.0,358.0,Texas Christian U.,3617000,83000,179000,1592000,0,633000,0,1130000,32.709568000000004,-97.361537
359,110556.0,359.0,"California State U., Fresno",3539000,0,23000,655000,227000,1750000,314000,570000,36.814477000000004,-119.748258
360,220978.0,360.0,Middle Tennessee State U.,3535000,301000,0,497000,25000,1394000,367000,951000,35.848005,-86.360618
361,173258.0,361.0,Carleton C.,3508000,0,21000,74000,17000,3294000,5000,97000,44.462304,-93.154662
362,130697.0,362.0,Wesleyan U.,3493000,323000,0,1096000,306000,1315000,0,453000,41.55678,-72.656755
363,149231.0,363.0,"Southern Illinois U., Edwardsville",3422000,142000,0,1253000,349000,581000,0,1097000,38.793949000000005,-89.99777900000001
364,111948.0,364.0,Chapman U.,3357000,1284000,273000,479000,175000,847000,114000,185000,33.793678,-117.851481
365,190576.0,365.0,"CUNY, Graduate Center",3318000,0,0,1258000,0,1444000,0,616000,40.748503,-73.983575
366,229063.0,366.0,Texas Southern U.,3269000,144000,0,1727000,154000,829000,14000,401000,29.722468000000003,-95.36196100000001
367,150136.0,367.0,Ball State U.,3253000,356000,0,877000,84000,1194000,26000,716000,40.203431,-85.409043
368,,368.0,Naval War C.,3210000,3210000,0,0,0,0,0,0,,
369,189097.0,369.0,Barnard C.,3082000,0,14000,929000,6000,2108000,0,25000,40.809137,-73.964027
370,101480.0,370.0,Jacksonville State U.,3081000,176000,0,0,0,72000,0,2833000,33.822938,-85.765321
371,229337.0,371.0,"Texas Tech U., Health Sciences Center, El Paso",3064000,0,0,3063000,0,1000,0,0,33.593227,-101.89359
372,448840.0,372.0,"U. South Florida, Saint Petersburg",3019000,0,0,388000,0,82000,0,2549000,27.762618,-82.63565700000001
373,377555.0,373.0,"U. Washington, Bothell",2863000,344000,0,27000,0,1583000,26000,883000,47.760718000000004,-122.19145400000001
374,166939.0,374.0,Mount Holyoke C.,2848000,0,0,1109000,881000,818000,10000,30000,42.257588,-72.573625
375,194310.0,375.0,Pace U.,2845000,56000,877000,157000,0,1755000,0,0,40.711014,-74.00471900000001
376,160621.0,376.0,"Southern U. and A&M C., Baton Rouge",2778000,304000,180000,478000,94000,1493000,35000,194000,30.524558000000003,-91.190105
377,185590.0,377.0,Montclair State U.,2771000,260000,87000,311000,191000,1553000,0,369000,40.859233,-74.199455
378,139931.0,378.0,Georgia Southern U.,2695000,70000,0,1420000,35000,514000,258000,398000,32.428808000000004,-81.78223200000001
379,377564.0,379.0,"U. Washington, Tacoma",2682000,0,0,407000,0,372000,58000,1845000,47.244594,-122.438541
380,179566.0,380.0,Missouri State U.,2675000,794000,0,393000,279000,511000,306000,392000,37.197983,-93.276821
381,186371.0,381.0,"Rutgers, State U. New Jersey, Camden",2653000,356000,0,630000,0,1548000,0,119000,39.948628,-75.125303
382,167835.0,382.0,Smith C.,2634000,138000,25000,888000,49000,1391000,0,143000,42.318111,-72.638097
383,169716.0,383.0,U. Detroit Mercy,2565000,0,0,2510000,0,54000,0,1000,42.417168000000004,-83.138369
384,211273.0,384.0,Bryn Mawr C.,2556000,1090000,0,294000,26000,998000,7000,141000,40.028541000000004,-75.314988
385,196228.0,385.0,"SUNY, C. of Optometry",2487000,0,0,2487000,0,0,0,0,40.754465,-73.982236
386,176406.0,386.0,Tougaloo C.,2473000,0,0,1213000,0,1260000,0,0,32.403014,-90.16076
387,161004.0,387.0,Bowdoin C.,2457000,0,0,1158000,186000,1113000,0,0,43.907134,-69.963942
388,131399.0,388.0,U. of the District of Columbia,2451000,280000,0,34000,0,857000,1191000,89000,38.943819000000005,-77.066247
389,214591.0,389.0,"Pennsylvania State U., Behrend",2445000,69000,60000,0,0,989000,0,1327000,42.119433,-79.983773
390,193654.0,390.0,New School,2428000,1377000,0,229000,0,282000,0,540000,40.735275,-73.994636
391,160621.0,391.0,"Southern U. and A&M C., Agricultural Research and Extension Center",2415000,0,0,0,0,0,2415000,0,30.524558000000003,-91.190105
392,163851.0,392.0,Salisbury U.,2414000,0,0,1007000,0,397000,0,1010000,38.345447,-75.605705
393,112525.0,393.0,Western U. of Health Sciences,2391000,0,324000,1947000,0,92000,27000,1000,34.058092,-117.74773200000001
394,100724.0,394.0,Alabama State U.,2372000,217000,0,313000,0,1842000,0,0,32.364317,-86.295677
395,115409.0,395.0,Harvey Mudd C.,2320000,0,39000,121000,0,2153000,0,7000,34.106137000000004,-117.710594
396,199111.0,396.0,"U. North Carolina, Asheville",2312000,0,0,520000,6000,562000,528000,696000,35.616618,-82.565259
397,161554.0,397.0,U. Southern Maine,2299000,0,0,2154000,17000,50000,0,78000,43.662637000000004,-70.276002
398,154095.0,398.0,U. Northern Iowa,2297000,0,0,418000,281000,1483000,80000,35000,42.514923,-92.459703
399,140960.0,399.0,Savannah State U.,2251000,466000,175000,640000,19000,651000,0,300000,32.024781000000004,-81.063377
400,166869.0,400.0,MGH Institute of Health Professions,2228000,0,0,2228000,0,0,0,0,42.375018000000004,-71.054002
401,110547.0,401.0,"California State U., Dominguez Hills",2215000,0,3000,660000,0,711000,0,841000,33.86524,-118.25931600000001
402,232423.0,402.0,James Madison U.,2203000,50000,22000,388000,46000,1413000,47000,237000,38.436311,-78.870484
403,110529.0,403.0,"California State Polytechnic U., Pomona",2199000,210000,98000,380000,153000,764000,271000,323000,34.054273,-117.81901900000001
404,171137.0,404.0,"U. Michigan, Dearborn",2172000,515000,276000,1000,41000,835000,5000,499000,42.317287,-83.23141700000001
405,129941.0,405.0,U. New Haven,2157000,1472000,0,0,4000,373000,0,308000,41.291314,-72.961472
406,122436.0,406.0,U. San Diego,2152000,128000,90000,69000,0,1679000,0,186000,32.77142,-117.188721
407,191649.0,407.0,Hofstra U.,2149000,0,37000,0,80000,2029000,0,3000,40.715959,-73.60078
408,131450.0,408.0,Gallaudet U.,2135000,0,0,1078000,0,936000,0,121000,38.907371000000005,-76.993675
409,141644.0,409.0,Hawaii Pacific U.,2071000,70000,0,1047000,0,17000,750000,187000,21.310306,-157.859645
410,229887.0,410.0,Wiley C.,2060000,0,0,0,0,99000,0,1961000,32.537646,-94.376821
411,219046.0,411.0,Black Hills State U.,2056000,0,0,569000,0,1429000,2000,56000,44.494889,-103.87096600000001
412,177834.0,412.0,A. T. Still U.,2041000,0,0,2041000,0,0,0,0,40.193648,-92.589183
413,159993.0,413.0,"U. Louisiana, Monroe",2016000,0,0,1729000,10000,13000,10000,254000,32.527748,-92.07374
414,119605.0,414.0,National U.,2012000,0,0,676000,0,0,0,1336000,32.909469,-117.24424300000001
415,165334.0,415.0,Clark U.,2002000,57000,15000,362000,362000,867000,0,339000,42.251064,-71.823537
416,120883.0,416.0,U. of the Pacific,1991000,9000,69000,569000,0,1232000,0,112000,37.981424000000004,-121.312301
417,186584.0,417.0,Seton Hall U.,1975000,0,0,825000,0,0,0,1150000,40.742859,-74.24875300000001
418,127741.0,418.0,U. Northern Colorado,1962000,0,0,876000,53000,433000,111000,489000,40.410855,-104.692777
419,228802.0,419.0,"U. Texas, Tyler",1936000,0,0,0,36000,178000,85000,1637000,32.314724,-95.24909600000001
420,162007.0,420.0,Bowie State U.,1927000,730000,0,577000,35000,509000,14000,62000,39.018185,-76.759721
421,486840.0,421.0,Kennesaw State U.,1925000,116000,0,351000,0,835000,0,623000,34.038807,-84.58305200000001
422,233374.0,422.0,U. Richmond,1924000,156000,311000,656000,57000,640000,64000,40000,37.577625000000005,-77.538702
423,197869.0,423.0,Appalachian State U.,1896000,0,280000,158000,43000,929000,232000,254000,36.214844,-81.680234
424,227881.0,424.0,Sam Houston State U.,1830000,234000,5000,26000,0,454000,192000,919000,30.714738,-95.546205
425,198507.0,425.0,Elizabeth City State U.,1827000,100000,0,228000,30000,1047000,0,422000,36.277978000000004,-76.21404100000001
426,228431.0,426.0,Stephen F. Austin State U.,1808000,27000,0,26000,0,286000,527000,942000,31.621056,-94.64908
427,157386.0,427.0,Morehead State U.,1797000,0,0,540000,1178000,63000,0,16000,38.186768,-83.434021
428,217873.0,428.0,Claflin U.,1743000,159000,68000,381000,375000,760000,0,0,33.498444,-80.854319
429,230959.0,429.0,Middlebury C.,1736000,0,0,948000,46000,694000,48000,0,44.009117,-73.176068
430,217518.0,429.0,Roger Williams U.,1736000,0,0,80000,25000,560000,63000,1008000,41.650214,-71.260374
431,229814.0,431.0,West Texas A&M U.,1735000,0,512000,0,0,442000,289000,492000,34.981996,-101.9158
432,409254.0,432.0,Erikson Institute,1719000,0,0,538000,0,417000,0,764000,41.890279,-87.632238
433,190558.0,433.0,"CUNY, C. Staten Island",1700000,0,0,533000,0,1167000,0,0,40.601831000000004,-74.14849000000001
434,209922.0,434.0,Reed C.,1690000,74000,63000,1021000,0,445000,45000,42000,45.480376,-122.63064000000001
435,110486.0,435.0,"California State U., Bakersfield",1689000,184000,0,0,0,1472000,6000,27000,35.350005,-119.10471100000001
436,196866.0,436.0,"Union C., Schenectady",1680000,0,0,191000,15000,1474000,0,0,42.817578000000005,-73.928498
437,122931.0,437.0,Santa Clara U.,1634000,146000,0,307000,113000,963000,80000,25000,37.352706000000005,-121.93818900000001
438,169798.0,438.0,Eastern Michigan U.,1627000,82000,0,293000,170000,457000,155000,470000,42.245996,-83.624415
439,217721.0,439.0,Benedict C.,1621000,172000,649000,17000,7000,677000,0,99000,34.011285,-81.021412
440,211291.0,440.0,Bucknell U.,1619000,43000,79000,36000,169000,1146000,0,146000,40.954317,-76.882616
441,164076.0,441.0,Towson U.,1616000,314000,0,99000,21000,838000,84000,260000,39.393622,-76.611164
442,168342.0,442.0,Williams C.,1614000,20000,0,245000,105000,1085000,0,159000,42.712725,-73.203132
443,194091.0,443.0,New York Institute of Technology,1607000,2000,0,1086000,0,254000,120000,145000,40.812447,-73.6078
444,152600.0,444.0,Valparaiso U.,1595000,0,765000,0,43000,710000,2000,75000,41.462239000000004,-87.040172
445,219082.0,445.0,Dakota State U.,1593000,169000,4000,0,0,1382000,38000,0,44.013014,-97.113358
446,234827.0,446.0,Central Washington U.,1580000,2000,0,146000,204000,954000,5000,269000,47.002687,-120.538368
447,121345.0,447.0,Pomona C.,1579000,0,0,337000,52000,1132000,54000,4000,34.098298,-117.711944
448,214564.0,448.0,Salus U.,1571000,0,0,1571000,0,0,0,0,40.085816,-75.128089
449,188641.0,449.0,Alfred U.,1558000,610000,488000,0,8000,452000,0,0,42.254476000000004,-77.788106
450,201690.0,450.0,Central State U.,1546000,663000,0,45000,13000,551000,245000,29000,39.716465,-83.876795
451,151102.0,451.0,"Indiana U.-Purdue U., Fort Wayne",1541000,24000,0,452000,30000,142000,102000,791000,41.115418,-85.11174700000001
452,102632.0,452.0,"U. Alaska, Southeast",1502000,51000,0,208000,0,734000,145000,364000,58.384846,-134.63825500000002
453,197133.0,453.0,Vassar C.,1495000,0,0,85000,0,1327000,0,83000,41.685105,-73.894345
454,154174.0,454.0,"Palmer C. of Chiropractic, Davenport",1485000,1200000,0,285000,0,0,0,0,41.529021,-90.574607
455,170082.0,455.0,Grand Valley State U.,1479000,39000,15000,799000,67000,257000,83000,219000,42.965208000000004,-85.887519
456,216287.0,456.0,Swarthmore C.,1458000,0,139000,463000,42000,419000,2000,393000,39.905159000000005,-75.35427800000001
457,209612.0,457.0,Pacific U.,1419000,0,0,540000,0,386000,0,493000,45.521394,-123.108777
458,445054.0,458.0,"Toyota Technological Institute, Chicago",1410000,44000,0,147000,0,1219000,0,0,41.7844,-87.592591
459,206941.0,459.0,U. Central Oklahoma,1409000,0,0,502000,0,267000,3000,637000,35.658239,-97.470985
460,231059.0,460.0,Saint Michael's C.,1399000,46000,0,154000,20000,1174000,0,5000,44.494558000000005,-73.167069
461,136172.0,461.0,U. North Florida,1356000,33000,26000,248000,65000,538000,0,446000,30.270917,-81.507853
462,199999.0,461.0,Winston-Salem State U.,1356000,0,0,1069000,0,0,0,287000,36.089197,-80.224905
463,190512.0,463.0,"CUNY, Baruch C.",1325000,40000,269000,133000,78000,762000,43000,0,40.740238,-73.983417
464,130493.0,464.0,Southern Connecticut State U.,1324000,0,0,140000,29000,812000,0,343000,41.331852000000005,-72.948806
465,195474.0,465.0,Siena C.,1313000,0,12000,102000,11000,1181000,0,7000,42.717602,-73.7526
466,141060.0,466.0,Spelman C.,1291000,0,40000,299000,0,952000,0,0,33.745279000000004,-84.411527
467,235097.0,467.0,Eastern Washington U.,1287000,163000,494000,348000,32000,63000,0,187000,47.490667,-117.583808
468,198756.0,468.0,Johnson C. Smith U.,1279000,81000,0,225000,0,380000,0,593000,35.243384,-80.854842
469,169983.0,468.0,Kettering U.,1279000,0,293000,44000,0,477000,2000,463000,43.013112,-83.71435600000001
470,209506.0,470.0,Oregon Institute of Technology,1268000,0,0,182000,111000,26000,0,949000,42.257152000000005,-121.785177
471,173920.0,471.0,"Minnesota State U., Mankato",1260000,0,0,37000,0,490000,0,733000,44.146712,-93.99945000000001
472,120254.0,471.0,Occidental C.,1260000,0,0,0,5000,586000,0,669000,34.126224,-118.210783
473,170301.0,473.0,Hope C.,1251000,28000,314000,37000,65000,804000,0,3000,42.788052,-86.105376
474,240329.0,474.0,U. Wisconsin-La Crosse,1250000,19000,0,174000,7000,484000,0,566000,43.815295,-91.230149
475,121150.0,475.0,Pepperdine U.,1233000,0,0,0,0,380000,2000,851000,34.037786000000004,-118.70707700000001
476,190099.0,476.0,Colgate U.,1217000,87000,0,87000,12000,1031000,0,0,42.8188,-75.535
477,164465.0,477.0,Amherst C.,1207000,0,0,250000,17000,940000,0,0,42.372459,-72.518493
478,161299.0,477.0,Maine Maritime Academy,1207000,0,0,0,5000,0,0,1202000,44.389654,-68.804347
479,459727.0,479.0,"Touro U., Vallejo",1199000,0,0,1199000,0,0,0,0,33.808683,-118.057754
480,151324.0,480.0,Indiana State U.,1189000,51000,64000,107000,10000,467000,19000,471000,39.46873,-87.40708500000001
481,218964.0,481.0,Winthrop U.,1178000,0,0,245000,0,394000,0,539000,34.941515,-81.03140400000001
482,129525.0,482.0,U. Hartford,1172000,122000,0,184000,633000,109000,0,124000,41.796485000000004,-72.714965
483,225432.0,483.0,U. Houston-Downtown,1165000,43000,0,0,0,287000,0,835000,29.763831,-95.35953
484,239318.0,484.0,Milwaukee School of Engineering,1164000,0,0,677000,3000,387000,0,97000,43.045364,-87.907691
485,160977.0,485.0,Bates C.,1156000,0,0,861000,0,264000,0,31000,44.105299,-70.203333
486,218645.0,486.0,"U. South Carolina, Aiken",1155000,0,626000,56000,0,144000,0,329000,33.572917000000004,-81.76790100000001
487,215132.0,487.0,U. of the Sciences Philadelphia,1153000,0,0,1101000,0,52000,0,0,39.946552000000004,-75.208241
488,180647.0,488.0,Salish Kootenai C.,1142000,0,0,508000,0,391000,179000,64000,47.598592000000004,-114.111635
489,106704.0,489.0,U. Central Arkansas,1138000,0,0,362000,58000,417000,0,301000,35.077945,-92.457672
490,138716.0,490.0,Albany State U.,1137000,50000,0,865000,7000,172000,0,43000,31.569280000000003,-84.141825
491,161086.0,490.0,Colby C.,1137000,0,0,436000,65000,606000,0,30000,44.564211,-69.66337
492,157447.0,492.0,Northern Kentucky U.,1133000,0,0,751000,55000,309000,0,18000,39.029714,-84.463483
493,166665.0,493.0,"U. Massachusetts, central office",1124000,0,0,400000,0,88000,0,636000,42.35849,-71.060761
494,153269.0,494.0,Drake U.,1116000,0,0,279000,42000,200000,126000,469000,41.60129,-93.652163
495,243160.0,495.0,"U. Puerto Rico, Cayey",1105000,0,0,1008000,0,97000,0,0,18.389590000000002,-66.056329
496,,496.0,"U. Oklahoma, Tulsa",1104000,83000,0,677000,0,24000,0,320000,,
497,221740.0,497.0,"U. Tennessee, Chattanooga",1092000,148000,19000,120000,0,597000,0,208000,35.048247,-85.299812
498,210401.0,498.0,Willamette U.,1090000,333000,4000,0,0,745000,8000,0,44.935743,-123.03072700000001
499,187897.0,499.0,New Mexico Highlands U.,1086000,141000,0,183000,0,762000,0,0,35.596233,-105.21919700000001
500,206695.0,500.0,Youngstown State U.,1083000,623000,51000,0,37000,204000,0,168000,41.105583,-80.64651500000001
501,218070.0,501.0,Furman U.,1068000,0,0,487000,138000,439000,0,4000,34.924676,-82.440458
502,423643.0,502.0,Midwestern U.,1060000,0,0,853000,0,0,0,207000,33.663217,-112.18355600000001
503,218724.0,503.0,Coastal Carolina U.,1052000,352000,0,0,28000,152000,0,520000,33.794995,-79.011767
504,156620.0,504.0,Eastern Kentucky U.,1029000,49000,0,415000,0,301000,8000,256000,37.740396000000004,-84.301356
505,213385.0,505.0,Lafayette C.,997000,0,0,70000,142000,575000,65000,145000,40.69956,-75.20978600000001
506,217402.0,506.0,Providence C.,981000,0,0,684000,0,297000,0,0,41.842742,-71.43744600000001
507,160612.0,507.0,Southeastern Louisiana U.,975000,0,0,206000,0,185000,66000,518000,30.514652,-90.468676
508,159009.0,508.0,Grambling State U.,974000,272000,0,324000,38000,340000,0,0,32.522702,-92.71736700000001
509,229267.0,509.0,Trinity U.,973000,0,0,192000,22000,718000,0,41000,29.462860000000003,-98.482577
510,212911.0,510.0,Haverford C.,972000,0,0,84000,0,888000,0,0,40.007452,-75.305207
511,143358.0,511.0,Bradley U.,969000,765000,0,27000,23000,22000,14000,118000,40.697605,-89.61462
512,204501.0,512.0,Oberlin C.,962000,30000,0,70000,0,779000,0,83000,41.294740000000004,-82.22178600000001
513,240480.0,513.0,U. Wisconsin-Stevens Point,957000,85000,77000,514000,36000,155000,22000,68000,44.529582000000005,-89.57093400000001
514,212577.0,514.0,Franklin and Marshall C.,955000,8000,0,351000,14000,468000,104000,10000,40.048045,-76.31903700000001
515,440031.0,515.0,Keck Graduate Institute,949000,0,0,760000,0,189000,0,0,34.093329000000004,-117.72351
516,195809.0,516.0,"St. John's U., Manhattan",940000,33000,0,595000,0,227000,0,85000,40.722523,-73.796104
517,110538.0,517.0,"California State U., Chico",933000,26000,70000,188000,1000,511000,73000,64000,39.729712,-121.84485900000001
518,196167.0,518.0,"SUNY, Geneseo",930000,0,401000,69000,92000,346000,0,22000,42.796864,-77.821999
519,183080.0,519.0,Plymouth State U.,925000,0,0,311000,39000,442000,60000,73000,43.757386000000004,-71.691164
520,226152.0,520.0,Texas A&M International U.,924000,0,0,182000,13000,81000,58000,590000,27.573504,-99.435225
521,240277.0,521.0,U. Wisconsin-Green Bay,919000,313000,27000,259000,27000,161000,29000,103000,44.532298000000004,-87.919973
522,144005.0,522.0,Chicago State U.,910000,0,0,798000,0,0,112000,0,41.718813000000004,-87.610344
523,130590.0,523.0,"Trinity C., Hartford",893000,0,0,300000,24000,566000,3000,0,41.746746,-72.68868400000001
524,181215.0,524.0,"U. Nebraska, Kearney",891000,0,0,427000,71000,100000,11000,282000,40.701287,-99.09807
525,224554.0,525.0,Texas A&M U.-Commerce,876000,0,161000,24000,2000,479000,15000,195000,33.243745000000004,-95.908451
526,118888.0,526.0,Mills C.,873000,0,0,0,0,563000,0,310000,37.782639,-122.18789000000001
527,200004.0,526.0,Western Carolina U.,873000,0,0,9000,0,50000,16000,798000,35.308979,-83.18625800000001
528,196121.0,528.0,"SUNY, Buffalo State",859000,0,0,161000,0,169000,0,529000,43.211926,-77.947188
529,231712.0,529.0,Christopher Newport U.,858000,30000,156000,0,60000,493000,0,119000,37.062495,-76.494364
530,192457.0,530.0,Long Island U.,852000,18000,0,647000,20000,163000,0,4000,40.820345,-73.596728
531,236577.0,531.0,Seattle Pacific U.,850000,0,0,198000,0,652000,0,0,47.649338,-122.36292300000001
532,174844.0,532.0,St. Olaf C.,849000,0,0,113000,0,699000,0,37000,44.462884,-93.183633
533,190035.0,533.0,"CUNY, system office",832000,734000,0,23000,0,58000,0,17000,40.750845,-73.973639
534,236595.0,534.0,Seattle U.,820000,0,0,95000,15000,700000,0,10000,47.610138,-122.31970000000001
535,128902.0,535.0,Connecticut C.,817000,152000,0,209000,0,378000,1000,77000,41.379833000000005,-72.107321
536,198385.0,536.0,Davidson C.,813000,0,0,543000,0,215000,0,55000,35.500006,-80.845236
537,169080.0,537.0,Calvin C.,795000,20000,0,340000,8000,265000,7000,155000,42.929916,-85.587548
538,240736.0,538.0,American Samoa Community C.,793000,0,0,0,0,0,793000,0,-14.322636000000001,-170.742774
539,441982.0,539.0,Franklin W. Olin C. of Engineering,782000,55000,0,0,81000,488000,0,158000,42.292842,-71.264047
540,173902.0,540.0,Macalester C.,771000,0,0,0,53000,660000,0,58000,44.936709,-93.169855
541,225414.0,541.0,U. Houston-Clear Lake,756000,0,0,162000,122000,101000,0,371000,29.582523000000002,-95.098129
542,207342.0,542.0,"Oklahoma State U., Center for Health Sciences",748000,0,82000,152000,0,0,377000,137000,35.47928,-97.496289
543,195526.0,543.0,Skidmore C.,747000,14000,0,15000,36000,184000,0,498000,43.097035,-73.785335
544,148654.0,544.0,"U. Illinois, Springfield",725000,5000,0,0,17000,85000,9000,609000,39.729862000000004,-89.614917
545,117946.0,545.0,Loyola Marymount U.,707000,0,0,261000,0,438000,8000,0,33.97085,-118.415744
546,101912.0,546.0,Oakwood U.,677000,149000,0,353000,0,77000,0,98000,34.756344,-86.652705
547,102669.0,547.0,Alaska Pacific U.,671000,0,0,0,61000,395000,0,215000,61.191235,-149.80424200000002
548,173045.0,547.0,Augsburg C.,671000,2000,41000,21000,61000,375000,161000,10000,44.965636,-93.24141800000001
549,240268.0,549.0,U. Wisconsin-Eau Claire,661000,0,158000,131000,0,365000,0,7000,44.798431,-91.500432
550,170675.0,550.0,Lawrence Technological U.,658000,42000,0,43000,0,63000,0,510000,42.474072,-83.25003000000001
551,112260.0,551.0,Claremont McKenna C.,644000,20000,0,0,0,624000,0,0,34.102323,-117.70659300000001
552,,552.0,"Memorial Sloan Kettering Cancer Center, Louis V. Gerstner Jr. Graduate S. of Biomedical Sciences",643000,0,0,598000,0,45000,0,0,,
553,174783.0,552.0,St. Cloud State U.,643000,24000,0,22000,3000,277000,0,317000,45.552418,-94.153
554,196121.0,554.0,"SUNY, C. Brockport",639000,0,0,23000,0,94000,0,522000,43.211926,-77.947188
555,146603.0,555.0,Lewis and Clark C.,636000,0,214000,193000,0,229000,0,0,38.952408,-90.195552
556,123572.0,556.0,Sonoma State U.,630000,64000,68000,53000,63000,382000,0,0,38.341023,-122.67326100000001
557,167093.0,557.0,New England C. of Optometry,618000,0,0,618000,0,0,0,0,42.351656,-71.086521
558,213987.0,558.0,Mercyhurst U.,612000,0,0,39000,35000,20000,0,518000,42.103991,-80.05556800000001
559,226091.0,559.0,Lamar U.,611000,0,3000,92000,0,458000,0,58000,30.042738,-94.072244
560,109785.0,560.0,Azusa Pacific U.,606000,228000,0,204000,128000,46000,0,0,34.130865,-117.88795
561,168254.0,561.0,Western New England U.,581000,28000,28000,215000,0,309000,0,1000,42.115837,-72.518789
562,229179.0,562.0,Texas Woman's U.,573000,0,0,194000,0,375000,1000,3000,33.227002,-97.12908800000001
563,196042.0,563.0,"SUNY, Farmingdale State C.",570000,0,346000,83000,0,67000,74000,0,40.754224,-73.42832
564,110097.0,564.0,Biola U.,564000,88000,19000,354000,19000,55000,2000,27000,33.904823,-118.01734200000001
565,157401.0,564.0,Murray State U.,564000,2000,0,79000,14000,353000,37000,79000,36.612419,-88.323629
566,243346.0,564.0,U. del Este,564000,0,0,564000,0,0,0,0,18.414805,-65.983869
567,187444.0,564.0,William Paterson U.,564000,0,0,61000,0,68000,148000,287000,40.946256,-74.199465
568,196246.0,568.0,"SUNY, C. Plattsburgh",545000,0,0,56000,265000,0,0,224000,44.692930000000004,-73.466536
569,152266.0,569.0,"Purdue U., North Central",536000,0,0,0,0,0,0,536000,41.583788,-86.89523
570,199643.0,570.0,Shaw U.,514000,0,0,500000,0,14000,0,0,35.771181,-78.637693
571,229018.0,571.0,"U. Texas, Permian Basin",510000,0,0,0,0,29000,0,481000,31.889509,-102.32963400000001
572,164368.0,572.0,Hult International Business School,503000,267000,0,35000,0,0,0,201000,42.369968,-71.070645
573,160010.0,573.0,Northwestern State U. Louisiana,490000,0,0,0,0,0,0,490000,32.586037000000005,-93.26302
574,110574.0,574.0,"California State U., East Bay",479000,232000,0,0,48000,169000,0,30000,37.657070000000004,-122.05807300000001
575,215770.0,575.0,Saint Joseph's U.,476000,21000,0,0,0,386000,29000,40000,39.994442,-75.238343
576,230995.0,576.0,Norwich U.,461000,0,0,444000,9000,8000,0,0,44.139402000000004,-72.660129
577,216764.0,577.0,West Chester U. Pennsylvania,454000,163000,0,63000,36000,158000,0,34000,39.953398,-75.59812000000001
578,191515.0,578.0,Hamilton C.,442000,1000,0,0,0,134000,0,307000,43.050245000000004,-75.408195
579,243601.0,579.0,U. del Turabo,437000,0,57000,233000,5000,120000,22000,0,18.239647,-66.006259
580,187648.0,580.0,"Eastern New Mexico U., Portales",436000,12000,0,218000,0,91000,115000,0,34.175592,-103.34819
581,129242.0,581.0,Fairfield U.,435000,11000,13000,85000,23000,292000,0,11000,41.160732,-73.25778
582,174251.0,582.0,"U. Minnesota, Morris",428000,0,0,33000,0,342000,0,53000,45.589829,-95.901756
583,198516.0,583.0,Elon U.,423000,0,0,0,0,344000,0,79000,36.104149,-79.505632
584,235316.0,584.0,Gonzaga U.,414000,0,0,23000,0,353000,2000,36000,47.668144000000005,-117.403062
585,212009.0,585.0,Dickinson C.,397000,0,0,28000,0,362000,4000,3000,40.202796,-77.197854
586,456542.0,586.0,Commonwealth Medical C.,396000,325000,0,71000,0,0,0,0,41.413415,-75.655478
587,154156.0,587.0,Des Moines U.,386000,0,0,257000,0,129000,0,0,41.583325,-93.661686
588,188526.0,588.0,Albany C. of Pharmacy and Health Sciences,380000,0,0,380000,0,0,0,0,42.652559000000004,-73.778132
589,123943.0,589.0,Marshall B. Ketchum U.,375000,0,0,375000,0,0,0,0,33.889819,-117.88615800000001
590,213020.0,590.0,Indiana U. Pennsylvania,373000,0,26000,71000,0,206000,28000,42000,40.615589,-79.159869
591,165662.0,591.0,Emerson C.,366000,0,0,329000,0,18000,0,19000,42.352202,-71.06538400000001
592,126678.0,592.0,Colorado C.,358000,37000,0,0,4000,294000,8000,15000,38.84886,-104.822697
593,210669.0,593.0,Allegheny C.,355000,0,0,16000,0,339000,0,0,41.648068,-80.146922
594,151324.0,594.0,"Indiana U., South Bend",344000,0,0,0,0,343000,0,1000,39.46873,-87.40708500000001
595,210438.0,595.0,U. Western States,341000,0,0,341000,0,0,0,0,45.543172,-122.52698900000001
596,153384.0,596.0,Grinnell C.,340000,0,0,188000,12000,139000,1000,0,41.747048,-92.72124600000001
597,219602.0,597.0,Austin Peay State U.,325000,0,0,0,0,24000,301000,0,36.533319,-87.35408100000001
598,185262.0,598.0,Kean U.,323000,0,0,0,0,8000,0,315000,40.679429,-74.234668
599,124557.0,599.0,"U. California, Office of the President",295000,0,0,135000,0,0,0,160000,37.802222,-122.27134000000001
600,203085.0,600.0,Heidelberg U.,294000,0,0,0,0,29000,167000,98000,41.114337,-83.16658100000001
601,171456.0,601.0,Northern Michigan U.,288000,0,0,81000,0,113000,0,94000,46.558037,-87.403857
602,122612.0,602.0,U. San Francisco,280000,0,0,87000,15000,96000,0,82000,37.775564,-122.45097700000001
603,238078.0,603.0,Wheeling Jesuit U.,276000,0,0,268000,8000,0,0,0,40.070873,-80.690804
604,217493.0,604.0,Rhode Island School of Design,274000,0,0,0,0,274000,0,0,41.825935,-71.407692
605,170639.0,605.0,Lake Superior State U.,272000,0,0,8000,0,22000,49000,193000,46.491736,-84.3655
606,228501.0,605.0,Sul Ross State U.,272000,0,0,0,0,0,26000,246000,30.363139,-103.651469
607,214713.0,607.0,"Pennsylvania State U., Harrisburg",270000,0,0,36000,0,40000,52000,142000,40.203766,-76.7423
608,155681.0,607.0,Pittsburg State U.,270000,0,0,120000,26000,17000,0,107000,37.3913,-94.70478200000001
609,168005.0,609.0,Suffolk U.,253000,0,0,73000,0,147000,0,33000,42.358944,-71.061788
610,441937.0,610.0,"California State U., Channel Islands",249000,0,0,0,0,200000,0,49000,34.162949000000005,-119.04356000000001
611,172051.0,611.0,Saginaw Valley State U.,237000,120000,0,0,5000,36000,0,76000,43.51176,-83.964273
612,110495.0,612.0,"California State U., Stanislaus",221000,0,0,0,0,15000,22000,184000,37.52577,-120.852511
613,186876.0,612.0,Stockton U.,221000,0,0,42000,0,0,0,179000,39.492036,-74.531087
614,179812.0,614.0,Kansas City U. of Medicine and Biosciences,198000,0,0,198000,0,0,0,0,39.107553,-94.561374
615,174914.0,615.0,U. of St. Thomas (MN),195000,0,0,3000,4000,182000,0,6000,44.941662,-93.18942200000001
616,159966.0,616.0,Nicholls State U.,185000,0,0,2000,0,0,0,183000,29.794486000000003,-90.80157100000001
617,137847.0,617.0,U. Tampa,184000,0,0,0,47000,137000,0,0,27.947225,-82.465582
618,186283.0,618.0,Rider U.,179000,0,0,130000,0,24000,25000,0,40.278796,-74.73783300000001
619,199184.0,619.0,"U. North Carolina, general administration",174000,174000,0,0,0,0,0,0,36.07482,-80.236625
620,185572.0,620.0,Monmouth U.,173000,0,0,0,0,0,0,173000,40.280066,-74.00644700000001
621,193973.0,621.0,Niagara U.,172000,0,0,0,0,0,0,172000,43.137279,-79.03668900000001
622,150455.0,622.0,Earlham C.,165000,0,0,0,0,165000,0,0,39.822278000000004,-84.91146400000001
623,195164.0,623.0,St. Bonaventure U.,159000,0,0,0,0,159000,0,0,42.080191,-78.48110700000001
624,215123.0,624.0,Philadelphia C. of Osteopathic Medicine,150000,0,0,150000,0,0,0,0,40.006308000000004,-75.214198
625,128771.0,625.0,Central Connecticut State U.,143000,0,0,7000,26000,19000,0,91000,41.690258,-72.770094
626,159717.0,626.0,McNeese State U.,130000,0,0,0,6000,41000,45000,38000,30.180762,-93.215648
627,117627.0,627.0,La Sierra U.,127000,0,0,0,0,12000,0,115000,33.910704,-117.500054
628,213367.0,628.0,La Salle U.,89000,0,0,50000,0,39000,0,0,40.037979,-75.15306100000001
629,442806.0,629.0,Edward Via C. of Osteopathic Medicine,88000,39000,0,49000,0,0,0,0,37.199666,-80.40602100000001
630,111188.0,630.0,California Maritime Academy,71000,0,0,0,0,10000,0,61000,38.069061000000005,-122.23155100000001
631,221519.0,631.0,Sewanee: U. of the South,61000,0,0,0,0,59000,0,2000,35.20443,-85.917772
632,174747.0,632.0,C. of Saint Benedict,38000,0,0,0,0,38000,0,0,45.561792000000004,-94.319888
633,451671.0,633.0,"U. South Florida, Sarasota-Manatee",31000,0,0,0,0,0,0,31000,27.391766,-82.562951
634,129215.0,634.0,Eastern Connecticut State U.,27000,0,0,0,11000,0,4000,12000,41.721673,-72.218753
