,UNITID,Rank,Institution,All R&D expenditures in USD,Computer and information sciences in USD,"Geosciences, atmospheric sciences, and ocean sciences in USD",Life sciences in USD,Mathematics and statistics in USD,Physical sciences in USD,Psychology in USD,Social sciences in USD,"Sciences, nec in USD",Engineering in USD,All non-S&E fields in USD,LAT,LON
0,,,All institutions,71833308000,2077884000,3087774000,40887850000,681661000,4893565000,1218721000,2366571000,1076636000,11381727000,4160919000,,
1,162928.0,1.0,Johns Hopkins U.b,2431180000,142021000,33628000,904527000,55510000,181885000,4934000,9130000,66935000,1026629000,5981000,39.328977,-76.621595
2,170976.0,2.0,"U. Michigan, Ann Arbor",1436448000,8162000,13522000,784654000,18405000,54868000,21397000,160254000,2036000,293930000,79220000,42.275921000000004,-83.74276900000001
3,215062.0,3.0,U. Pennsylvania,1296429000,17589000,1724000,942243000,6173000,39426000,20638000,41676000,9998000,61366000,155596000,39.950929,-75.19391
4,110699.0,4.0,"U. California, San Francisco",1294261000,0,0,1237736000,0,56525000,0,0,0,0,0,37.762736000000004,-122.458049
5,236948.0,5.0,"U. Washington, Seattle",1277679000,23467000,117932000,832215000,6088000,54819000,10630000,19336000,158000,133128000,79906000,47.656213,-122.31311500000001
6,240444.0,6.0,U. Wisconsin-Madison,1157680000,21226000,54306000,654896000,6950000,75530000,9103000,41370000,40615000,147315000,106369000,43.073858,-89.405356
7,110680.0,7.0,"U. California, San Diego",1087117000,27630000,166470000,650484000,5008000,68169000,18909000,16273000,11840000,114646000,7688000,32.876598,-117.23779300000001
8,166027.0,8.0,Harvard U.,1077253000,11229000,37326000,599596000,11866000,82643000,7588000,100223000,91348000,70131000,65303000,42.374471,-71.118313
9,243744.0,9.0,Stanford U.,1066269000,25258000,17302000,700514000,7500000,100544000,17215000,18385000,0,125633000,53918000,37.429532,-122.16443400000001
10,198419.0,10.0,Duke U.,1055778000,5271000,10214000,888830000,10238000,19074000,6996000,28677000,0,74746000,11732000,36.001135,-78.937624
11,199120.0,11.0,"U. North Carolina, Chapel Hill",1045338000,15988000,17709000,765284000,3552000,35524000,51044000,94310000,141000,29576000,32210000,35.911769,-79.05096900000001
12,110662.0,12.0,"U. California, Los Angeles",1037528000,14014000,32350000,724967000,11456000,61909000,18335000,40072000,19948000,78962000,35515000,34.068892,-118.44390100000001
13,190415.0,13.0,Cornell U.,974199000,21673000,4742000,676105000,2988000,105986000,12740000,43438000,0,88512000,18015000,42.4472,-76.483084
14,166683.0,14.0,Massachusetts Institute of Technology,946159000,74755000,54193000,124982000,9399000,137188000,2612000,26903000,22156000,427923000,66048000,42.360095,-71.092115
15,174066.0,15.0,"U. Minnesota, Twin Cities",910181000,16151000,13960000,610920000,9804000,40569000,27243000,36009000,0,117858000,37667000,44.977886000000005,-93.235352
16,228723.0,16.0,"Texas A&M U., College Station and Health Science Center",892718000,20849000,113893000,329855000,10737000,56123000,3444000,28431000,6207000,290413000,32766000,30.618726000000002,-96.33647500000001
17,215293.0,17.0,"U. Pittsburgh, Pittsburgh",889793000,9268000,12513000,747123000,3241000,29135000,22458000,4174000,11214000,41382000,9285000,40.444502,-79.95469200000001
18,130794.0,18.0,Yale U.,881765000,9137000,7252000,740937000,2393000,59337000,10061000,10361000,221000,26271000,15795000,41.311158,-72.926688
19,416801.0,19.0,U. Texas M. D. Anderson Cancer Center,852095000,0,0,792743000,18514000,15303000,17548000,7987000,0,0,0,29.705395,-95.40079
20,190150.0,20.0,Columbia U. in the City of New York,837312000,20091000,84289000,570751000,3523000,37518000,3863000,10079000,0,63596000,43602000,40.808286,-73.96188500000001
21,479956.0,21.0,"Pennsylvania State U., University Park and Hershey Medical Center",825561000,47112000,42273000,261912000,34141000,72314000,22464000,41232000,303000,288234000,15576000,40.832783,-77.841594
22,204796.0,22.0,Ohio State U.,818464000,23112000,10523000,473816000,6342000,36459000,6743000,12827000,33881000,147590000,67171000,39.998389,-83.009001
23,193900.0,23.0,New York U.,809739000,17434000,145000,598566000,10101000,17360000,23719000,24286000,0,59782000,58346000,40.729452,-73.997264
24,134130.0,24.0,U. Florida,791294000,18436000,15833000,561894000,1485000,28226000,6403000,14722000,398000,94548000,49349000,29.64629,-82.347911
25,139755.0,25.0,Georgia Institute of Technology,790706000,114787000,11384000,23915000,7185000,40248000,5868000,9388000,9124000,558219000,10588000,33.772420000000004,-84.39483200000001
26,110635.0,26.0,"U. California, Berkeley",774255000,9899000,10487000,212963000,7496000,158628000,13803000,50639000,85522000,185049000,39769000,37.871918,-122.260463
27,110644.0,27.0,"U. California, Davis",741892000,9024000,26861000,525165000,4240000,32156000,2608000,29254000,7574000,89188000,15822000,38.539895,-121.751958
28,179867.0,28.0,"Washington U., Saint Louis",741115000,5242000,5649000,661793000,519000,18899000,5871000,1251000,3268000,24130000,14493000,38.647929000000005,-90.310604
29,147767.0,29.0,Northwestern U.,713491000,2197000,1655000,481869000,2293000,67071000,4667000,16924000,23848000,84243000,28724000,42.050356,-87.67985800000001
30,123961.0,30.0,U. Southern California,702866000,87870000,19128000,422781000,1464000,20210000,10137000,33595000,961000,65883000,40837000,34.021281,-118.284169
31,221999.0,31.0,Vanderbilt U.,640842000,0,4146000,495654000,1361000,28783000,10459000,5467000,0,66481000,28491000,36.14659,-86.803369
32,186380.0,32.0,"Rutgers, State U. New Jersey, New Brunswick",630212000,9803000,44357000,364978000,16687000,44532000,17418000,32630000,6151000,74092000,19564000,40.498769,-74.446251
33,145637.0,33.0,"U. Illinois, Urbana-Champaign",625180000,94722000,7211000,202597000,4474000,71513000,20964000,10794000,4483000,170506000,37916000,40.108864000000004,-88.230309
34,228778.0,34.0,"U. Texas, Austin",621692000,78370000,70200000,78582000,9373000,83505000,8518000,15135000,4612000,217413000,55984000,30.28609,-97.73929100000001
35,139658.0,35.0,Emory U.,614527000,314000,939000,559020000,2133000,23528000,3444000,3384000,0,5209000,16556000,33.790183,-84.325512
36,171100.0,36.0,Michigan State U.,613369000,14567000,2917000,292851000,9830000,164644000,9633000,20445000,13134000,45183000,40165000,42.73212,-84.476111
37,243780.0,37.0,"Purdue U., West Lafayette",606302000,18896000,5335000,206928000,6210000,33624000,4876000,14457000,4505000,223048000,88423000,40.428206,-86.914435
38,104179.0,38.0,U. Arizona,604464000,8388000,32085000,323076000,2656000,125247000,2424000,22458000,13211000,62867000,12052000,32.232672,-110.950815
39,223232.0,39.0,Baylor C. of Medicine,572527000,0,0,572527000,0,0,0,0,0,0,0,31.545956,-97.119359
40,193405.0,40.0,Icahn School of Medicine at Mt. Sinai,540296000,0,0,540296000,0,0,0,0,0,0,0,40.789801000000004,-73.953445
41,163286.0,41.0,"U. Maryland, College Park",539388000,44663000,50463000,127030000,5917000,98474000,12852000,40643000,9166000,127965000,22215000,38.988178000000005,-76.944721
42,100663.0,42.0,"U. Alabama, Birmingham",537825000,2466000,2022000,472114000,1157000,4898000,5235000,241000,0,43359000,6333000,33.505697,-86.799345
43,233921.0,43.0,Virginia Polytechnic Institute and State U.,521773000,27386000,4385000,221801000,2901000,15547000,3535000,7799000,698000,228281000,9440000,37.229012000000004,-80.423675
44,448886.0,44.0,Arizona State U.,518239000,16969000,44218000,89938000,5394000,19340000,17946000,71792000,48482000,127332000,76828000,33.453430000000004,-112.073221
45,151351.0,45.0,"Indiana U., Bloomington",508766000,23244000,3721000,344005000,2545000,31444000,17072000,33828000,12032000,3164000,37711000,39.166383,-86.526904
46,137351.0,46.0,"U. South Florida, Tampa",505965000,7068000,25346000,306387000,2441000,10427000,12453000,39231000,1869000,42590000,58153000,28.061458000000002,-82.41323200000001
47,199193.0,47.0,North Carolina State U.,489918000,12009000,24589000,227500000,23522000,18127000,3457000,7270000,14861000,147704000,10879000,35.785111,-78.67451700000001
48,153658.0,48.0,U. Iowa,473362000,2496000,1941000,348075000,835000,22073000,7653000,13457000,4091000,47097000,25644000,41.661935,-91.53642500000001
49,126614.0,49.0,U. Colorado Boulder,453123000,8701000,138163000,29536000,2237000,72578000,13698000,12904000,23887000,132146000,19273000,40.008781,-105.27082300000001
50,126562.0,50.0,U. Colorado Denver and Anschutz Medical Campus,443705000,236000,243000,421365000,761000,741000,1860000,1133000,142000,6212000,11012000,39.745149000000005,-104.83772200000001
51,228635.0,51.0,U. Texas Southwestern Medical Center,442666000,0,0,442666000,0,0,0,0,0,0,0,32.812307000000004,-96.841156
52,201885.0,52.0,U. Cincinnati,430579000,121000,1398000,340897000,2100000,8398000,2954000,10369000,1052000,34412000,28878000,39.131159000000004,-84.51428
53,144050.0,53.0,U. Chicago,420997000,26991000,7475000,270358000,6098000,49128000,8930000,22356000,0,11155000,18506000,41.78917,-87.601196
54,139959.0,54.0,U. Georgia,410345000,3599000,23210000,253828000,6500000,13066000,17225000,18272000,13506000,11314000,49825000,33.956262,-83.374039
55,201645.0,55.0,Case Western Reserve U.,405655000,0,740000,346525000,560000,11300000,1897000,3100000,158000,39547000,1828000,41.500812,-81.60576900000001
56,234076.0,56.0,"U. Virginia, Charlottesville",397458000,7886000,4898000,245218000,1021000,31756000,10719000,9690000,7923000,48815000,29532000,38.035665,-78.503428
57,164988.0,57.0,Boston U.,395921000,3913000,7222000,260922000,4003000,25220000,12230000,4013000,1594000,60000000,16804000,42.349581,-71.09984
58,163259.0,58.0,"U. Maryland, Baltimore",393876000,0,1484000,367711000,0,0,0,0,0,5935000,18746000,39.29173,-76.624981
59,196088.0,59.0,"SUNY, U. Buffalo",389569000,13314000,3325000,232401000,857000,13533000,4266000,9420000,1509000,94683000,16261000,43.000942,-78.789458
60,110404.0,60.0,California Institute of Technology,371060000,1220000,32029000,65679000,9809000,185449000,46000,0,4086000,57886000,14856000,34.139275,-118.12574000000001
61,,61.0,Scripps Research Institute,364670000,0,0,364670000,0,0,0,0,0,0,0,,
62,135726.0,62.0,U. Miami,358441000,1140000,64671000,262779000,344000,8009000,13105000,381000,128000,5133000,2751000,25.72126,-80.278662
63,230764.0,63.0,U. Utah,350212000,28660000,13199000,209924000,3453000,22257000,3954000,2870000,0,38353000,27542000,40.762484,-111.846044
64,157085.0,64.0,U. Kentucky,349661000,2890000,2672000,250625000,828000,8254000,5017000,1556000,17687000,50766000,9366000,38.038911,-84.50474700000001
65,217156.0,65.0,Brown U.,347016000,11838000,6731000,105618000,18807000,25132000,6202000,23186000,6124000,31735000,111643000,41.826170000000005,-71.40385
66,195030.0,66.0,U. Rochester,346165000,3209000,2136000,231254000,517000,82756000,8192000,51000,6016000,10358000,1676000,43.126397000000004,-77.631202
67,110653.0,67.0,"U. California, Irvine",345319000,12722000,9962000,192789000,4345000,35534000,3736000,11474000,0,55020000,19737000,33.648434,-117.84124800000001
68,145600.0,68.0,"U. Illinois, Chicago",337296000,12101000,346000,243697000,5276000,13920000,4010000,9249000,6156000,19610000,22931000,41.872651000000005,-87.651145
69,195049.0,69.0,Rockefeller U.,335136000,7597000,807000,316356000,1534000,8842000,0,0,0,0,0,40.762927000000005,-73.95491200000001
70,236939.0,70.0,Washington State U.,334082000,4322000,9811000,185075000,1340000,40781000,3094000,16300000,575000,46133000,26651000,46.730448,-117.158168
71,126818.0,71.0,"Colorado State U., Fort Collins",331862000,4184000,38038000,212291000,3297000,12926000,3032000,8914000,311000,40075000,8794000,40.574805000000005,-105.08073200000001
72,209490.0,72.0,Oregon Health and Science U.,331524000,0,6299000,301894000,0,0,3653000,0,5196000,12372000,2110000,45.498772,-122.686096
73,153603.0,73.0,Iowa State U.,328385000,7240000,2635000,159880000,12770000,24170000,3291000,8587000,6161000,92088000,11563000,42.026212,-93.648504
74,211440.0,74.0,Carnegie Mellon U.,319168000,123569000,561000,11817000,7447000,14883000,9424000,13675000,20311000,102696000,14785000,40.444616,-79.942914
75,196112.0,75.0,"SUNY, Polytechnic Institute",316680000,457000,1000,3986000,12000,0,0,0,0,312224000,0,43.13528,-75.2292
76,186131.0,76.0,Princeton U.,305147000,13288000,28819000,66259000,9923000,70922000,3347000,38167000,0,59250000,15172000,40.348732,-74.65936500000001
77,141574.0,77.0,"U. Hawaii, Manoa",304476000,15137000,96094000,120669000,162000,27388000,171000,2877000,17276000,21090000,3612000,21.298598000000002,-157.818979
78,,78.0,Albert Einstein C. of Medicine,300909000,0,0,300909000,0,0,0,0,0,0,0,,
79,155317.0,79.0,U. Kansas,297933000,3608000,15059000,179404000,1593000,11159000,6523000,5222000,2087000,17001000,56277000,38.958549,-95.247567
80,181464.0,80.0,"U. Nebraska, Lincoln",294856000,8679000,3613000,156112000,6143000,26829000,9028000,9589000,3065000,41427000,30371000,40.817598000000004,-96.700508
81,159391.0,81.0,"Louisiana State U., Baton Rouge",291972000,3917000,32845000,162566000,2063000,21641000,960000,3718000,12154000,42710000,9398000,30.414986000000003,-91.178921
82,134097.0,82.0,Florida State U.,268288000,8521000,19820000,37909000,4745000,60372000,27178000,19635000,18801000,46346000,24961000,30.440756,-84.291921
83,129020.0,83.0,U. Connecticut,265522000,4317000,9385000,162256000,1586000,14796000,19391000,6335000,915000,38977000,7564000,41.809098,-72.249948
84,218335.0,84.0,Medical U. South Carolina,260098000,0,0,260098000,0,0,0,0,0,0,0,32.786017,-79.946853
85,207500.0,85.0,"U. Oklahoma, Norman and Health Science Center",259998000,2838000,44835000,140303000,224000,11711000,1281000,14112000,0,24935000,19759000,35.208152,-97.44569200000001
86,,86.0,Uniformed Services U. of the Health Sciences,256203000,0,0,237851000,0,0,18352000,0,0,0,0,,
87,209542.0,87.0,Oregon State U.,254275000,7109000,45735000,128013000,1317000,5280000,1035000,5064000,14998000,43990000,1734000,44.56395,-123.27472300000001
88,166708.0,88.0,"U. Massachusetts, Medical School",253099000,0,0,253099000,0,0,0,0,0,0,0,42.277589,-71.760689
89,178396.0,89.0,"U. Missouri, Columbia",248300000,2042000,1088000,176502000,1906000,7156000,6115000,2818000,31000,40947000,9695000,38.941015,-92.326429
90,216339.0,90.0,Temple U.,246392000,4357000,1250000,186222000,1501000,14548000,11983000,3329000,2216000,6973000,14013000,39.980943,-75.15826700000001
91,132903.0,91.0,U. Central Florida,242308000,19973000,9875000,27489000,4388000,30530000,4981000,17433000,3499000,69401000,54739000,28.60106,-81.19880500000001
92,187985.0,92.0,U. New Mexico,239550000,5567000,6042000,144397000,929000,8400000,7035000,9822000,8263000,37136000,11959000,35.083868,-106.62015500000001
93,176080.0,93.0,Mississippi State U.,239446000,10515000,2362000,115691000,1026000,8942000,1670000,33517000,5288000,50928000,9507000,33.454852,-88.790139
94,229300.0,94.0,"U. Texas Health Science Center, Houston",237016000,0,0,237016000,0,0,0,0,0,0,0,29.702873,-95.403183
95,182670.0,95.0,Dartmouth C.,233636000,5543000,2030000,162794000,1603000,11423000,4746000,5000000,3034000,28324000,9139000,43.704115,-72.28994900000001
96,131469.0,96.0,George Washington U.,231829000,6501000,667000,152988000,1407000,6301000,3189000,25495000,3020000,15416000,16845000,38.89865,-77.047871
97,196097.0,97.0,"SUNY, Stony Brook U.",230621000,11468000,28524000,92464000,8150000,37300000,5954000,1842000,16874000,25366000,2679000,40.91476,-73.12046000000001
98,110705.0,98.0,"U. California, Santa Barbara",230139000,11732000,32012000,29415000,1241000,34037000,5348000,11096000,0,95026000,10232000,34.416297,-119.84642600000001
99,234030.0,99.0,Virginia Commonwealth U.,225999000,601000,1115000,167768000,1208000,3049000,9434000,2724000,0,16251000,23849000,37.547631,-77.453597
100,172644.0,100.0,Wayne State U.,221537000,2388000,460000,167690000,1276000,15652000,4281000,2997000,2957000,16605000,7231000,42.35861,-83.07286400000001
101,166629.0,101.0,"U. Massachusetts, Amherst",214576000,20596000,3849000,83957000,2495000,23246000,6902000,4807000,754000,47257000,20713000,42.385999,-72.526728
102,,102.0,Woods Hole Oceanographic Institution,212374000,0,148593000,0,0,0,0,0,0,63781000,0,,
103,218663.0,103.0,"U. South Carolina, Columbia",209271000,1227000,5000000,112848000,2353000,14476000,7646000,4684000,2016000,33228000,25793000,33.996788,-81.02693500000001
104,152080.0,104.0,U. Notre Dame,202216000,9309000,0,28458000,4419000,41411000,5995000,7097000,8544000,69954000,27029000,41.703058,-86.23895900000001
105,239080.0,105.0,Medical C. Wisconsin,199925000,0,0,199925000,0,0,0,0,0,0,0,43.777411,-88.420638
106,228644.0,106.0,"U. Texas Health Science Center, San Antonio",194885000,0,0,194885000,0,0,0,0,0,0,0,29.504716000000002,-98.57606
107,155399.0,107.0,Kansas State U.,193254000,3378000,1867000,127293000,1043000,9808000,4281000,1182000,8490000,24591000,11321000,39.188648,-96.58107700000001
108,168148.0,108.0,Tufts U.,189085000,3801000,107000,119885000,1975000,9492000,9802000,13818000,0,22131000,8074000,42.408465,-71.120316
109,217882.0,109.0,Clemson U.,183965000,4277000,0,46900000,2217000,9288000,610000,5180000,0,64870000,50623000,34.679381,-82.835114
110,131496.0,110.0,Georgetown U.,183788000,3063000,77000,126786000,253000,5659000,1822000,25074000,0,0,21054000,38.908809,-77.073463
111,221759.0,111.0,"U. Tennessee, Knoxville",183268000,17675000,5314000,17529000,928000,17602000,1288000,6875000,19739000,90290000,6028000,35.952082000000004,-83.925852
112,157289.0,112.0,U. Louisville,182454000,280000,264000,146880000,136000,1745000,1804000,1171000,1978000,19105000,9091000,38.215752,-85.758843
113,207388.0,113.0,"Oklahoma State U., Stillwater",181617000,948000,4690000,90083000,2307000,6788000,1981000,1519000,4457000,37394000,31450000,36.123085,-97.069743
114,230728.0,114.0,Utah State U.,180590000,4959000,2216000,61078000,577000,3965000,5606000,1339000,0,99090000,1760000,41.740748,-111.81391
115,228653.0,115.0,U. Texas Medical Branch,179541000,0,0,176427000,0,0,0,0,0,3114000,0,29.311333,-94.776401
116,130943.0,116.0,U. Delaware,176295000,4709000,18814000,59725000,1833000,23187000,5346000,15357000,1046000,39367000,6911000,39.679577,-75.75282200000001
117,229115.0,117.0,Texas Tech U.,172521000,3641000,13297000,41678000,4283000,13978000,8914000,7800000,0,39175000,39755000,33.583448000000004,-101.87478300000001
118,238032.0,118.0,West Virginia U.,172477000,600000,13090000,102088000,1129000,9475000,1113000,3546000,512000,32948000,7976000,39.634371,-79.954391
119,133951.0,119.0,Florida International U.,170846000,14431000,6422000,39780000,972000,8447000,18818000,10092000,4310000,30559000,37015000,25.757111000000002,-80.37759100000001
120,199847.0,120.0,Wake Forest U.,170006000,127000,0,165939000,157000,3048000,179000,83000,0,0,473000,36.133609,-80.277446
121,160755.0,121.0,Tulane U.,165438000,365000,2781000,126733000,2077000,6205000,1278000,7201000,0,6658000,12140000,29.939696,-90.12040900000001
122,225511.0,122.0,U. Houston,162049000,5964000,5365000,28866000,2535000,29938000,13923000,3846000,9000,51635000,19968000,29.720393,-95.343537
123,139940.0,123.0,Georgia State U.,161314000,3266000,835000,54393000,1336000,15268000,8168000,20465000,0,0,57583000,33.752700000000004,-84.38667000000001
124,200332.0,124.0,North Dakota State U.,156297000,2878000,439000,103685000,979000,10684000,4105000,12250000,4077000,13009000,4191000,46.893127,-96.800838
125,227757.0,125.0,Rice U.,154543000,11729000,4775000,13400000,6687000,33165000,2600000,9310000,1076000,69113000,2688000,29.717897,-95.402035
126,100858.0,126.0,"Auburn U., Auburn",152381000,1331000,2633000,85307000,381000,6415000,452000,4217000,3103000,45572000,2970000,32.599378,-85.488258
127,110671.0,127.0,"U. California, Riverside",152233000,6069000,8887000,77607000,967000,17972000,3681000,4026000,1941000,26118000,4965000,33.975880000000004,-117.33109800000001
128,110714.0,128.0,"U. California, Santa Cruz",151192000,3155000,20731000,23177000,458000,30051000,759000,4425000,1550000,61931000,4955000,36.995584,-122.058801
129,181428.0,129.0,"U. Nebraska, Medical Center",150694000,0,0,150694000,0,0,0,0,0,0,0,41.256312,-95.973966
130,106397.0,130.0,"U. Arkansas, Fayetteville",145020000,874000,3178000,82829000,201000,8479000,904000,3978000,0,32205000,12372000,36.070009,-94.176981
131,183044.0,131.0,U. New Hampshire,145015000,2124000,54491000,44280000,173000,3734000,1976000,8989000,780000,19459000,9009000,43.134235000000004,-70.934512
132,102614.0,132.0,"U. Alaska, Fairbanks",144259000,1850000,64729000,26194000,260000,12644000,0,2216000,13590000,20493000,2283000,64.85756,-147.823146
133,185828.0,133.0,New Jersey Institute of Technology,130812000,7004000,2531000,7213000,3947000,9006000,0,529000,3026000,61979000,35577000,40.741997000000005,-74.177113
134,167358.0,134.0,Northeastern U.,129040000,14358000,3652000,32881000,1077000,17121000,4859000,7383000,0,40243000,7466000,42.339992,-71.08878200000001
135,212054.0,135.0,Drexel U.,127909000,5393000,0,72577000,553000,2223000,4588000,2529000,614000,32312000,7120000,39.954855,-75.188745
136,106263.0,136.0,U. Arkansas for Medical Sciences,125378000,0,0,125378000,0,0,0,0,0,0,0,34.749048,-92.320046
137,216366.0,137.0,Thomas Jefferson U.,122396000,0,0,122396000,0,0,0,0,0,0,0,39.948274000000005,-75.158266
138,176017.0,138.0,U. Mississippi,121665000,604000,3176000,72498000,1063000,12648000,1026000,4999000,0,6646000,19005000,34.365529,-89.537434
139,196060.0,139.0,"SUNY, U. Albany",120232000,1818000,17147000,73513000,133000,2970000,233000,9386000,0,405000,14627000,42.686917,-73.825014
140,202480.0,140.0,U. Dayton,116589000,2036000,194000,547000,7000,1848000,114000,96000,642000,105879000,5226000,39.739547,-84.176113
141,231174.0,141.0,U. Vermont,115955000,628000,290000,94943000,510000,509000,1587000,872000,6467000,9800000,349000,44.479262,-73.198128
142,188049.0,142.0,New Mexico State U.,114619000,1890000,3322000,40272000,191000,18748000,154000,300000,2681000,41377000,5684000,34.728683000000004,-106.70537100000001
143,180461.0,143.0,"Montana State U., Bozeman",112073000,724000,5802000,48622000,828000,15519000,819000,1032000,6683000,22150000,9894000,45.666726000000004,-111.04881200000001
144,240727.0,144.0,U. Wyoming,112056000,1033000,11830000,46064000,5445000,3587000,40000,2801000,0,37752000,3504000,41.311773,-105.57931
145,232186.0,145.0,George Mason U.,108899000,9916000,11913000,18620000,1405000,4506000,4744000,30719000,0,10826000,16250000,38.83088,-77.30794
146,228787.0,146.0,"U. Texas, Dallas",106205000,8575000,1541000,23869000,1117000,13644000,1234000,2882000,3953000,42513000,6877000,32.984673,-96.749702
147,142285.0,147.0,U. Idaho,102457000,2646000,4765000,64623000,1029000,3238000,54000,1977000,7155000,13867000,3103000,46.726894,-117.024296
148,194824.0,148.0,Rensselaer Polytechnic Institute,101127000,9089000,2593000,4093000,1795000,11910000,2138000,837000,0,61452000,7220000,42.728983,-73.678768
149,209551.0,149.0,U. Oregon,100754000,5198000,3770000,32078000,724000,11456000,9992000,5413000,0,0,32123000,44.045146,-123.075792
150,217475.0,150.0,U. Rhode Island,97900000,636000,43504000,23299000,0,4891000,1502000,2753000,7428000,6549000,7338000,41.712817,-71.481509
151,100706.0,151.0,"U. Alabama, Huntsville",96865000,27819000,13440000,2004000,596000,9888000,289000,2362000,0,35151000,5316000,34.724557000000004,-86.640449
152,182290.0,152.0,"U. Nevada, Reno",95475000,2859000,12115000,49879000,442000,6324000,3062000,1093000,2117000,12782000,4802000,39.543642,-119.81537700000001
153,228796.0,153.0,"U. Texas, El Paso",91330000,5271000,3120000,27388000,1141000,8117000,3055000,5666000,1895000,25328000,10349000,31.771697,-106.50356000000001
154,122409.0,154.0,San Diego State U.,90722000,1940000,3362000,32682000,3385000,7315000,12499000,5046000,1290000,6985000,16218000,32.77525,-117.071228
155,,155.0,Cold Spring Harbor Laboratory,88943000,0,0,88943000,0,0,0,0,0,0,0,,
156,228769.0,156.0,"U. Texas, Arlington",87386000,4471000,1323000,18761000,2053000,12629000,1121000,108000,0,41889000,5031000,32.728437,-97.115087
157,189547.0,157.0,"SUNY, Binghamton U.",85192000,5197000,1484000,7170000,2307000,14161000,9878000,10919000,0,24216000,9860000,42.135872,-75.90806500000001
158,196413.0,158.0,Syracuse U.,84651000,4441000,1720000,8450000,690000,10791000,2392000,6762000,286000,18332000,30787000,43.040176,-76.136975
159,160658.0,159.0,"U. Louisiana, Lafayette",80099000,8987000,2254000,30582000,1582000,2861000,194000,2668000,2064000,7792000,21115000,30.215283,-92.01941000000001
160,161253.0,160.0,U. Maine,79222000,910000,21622000,26079000,154000,3389000,256000,1523000,7763000,16880000,646000,44.899257,-68.669332
161,202134.0,161.0,Cleveland State U.,77720000,0,0,46418000,1288000,1638000,566000,6036000,0,14719000,7055000,41.502918,-81.673052
162,165015.0,162.0,Brandeis U.,73435000,1347000,0,25824000,375000,8790000,2514000,18021000,0,0,16564000,42.364947,-71.254716
163,148511.0,163.0,Rush U.,73351000,0,0,69286000,0,0,4065000,0,0,0,0,41.874911000000004,-87.66749800000001
164,171128.0,164.0,Michigan Technological U.,72536000,2065000,13325000,3405000,2114000,3843000,792000,1796000,124000,41399000,3673000,47.118300000000005,-88.546403
165,487010.0,165.0,"U. Tennessee, Health Science Center",71547000,0,0,70805000,0,0,0,0,40000,702000,0,35.140634,-90.030435
166,482149.0,166.0,Augusta U.,71338000,9000,18000,71304000,0,0,0,7000,0,0,0,33.47077,-81.990651
167,200280.0,167.0,U. North Dakota,70275000,722000,7348000,14007000,0,6945000,501000,684000,785000,38153000,1130000,47.921654000000004,-97.07173800000001
168,163268.0,168.0,"U. Maryland, Baltimore County",70166000,1607000,21300000,3748000,1013000,13934000,1257000,9907000,1382000,15256000,762000,39.256686,-76.711607
169,180489.0,169.0,"U. Montana, Missoula",70059000,121000,2376000,44638000,359000,5260000,490000,16750000,0,0,65000,46.859312,-113.98291200000001
170,232982.0,170.0,Old Dominion U.,70054000,1710000,5222000,11212000,4616000,6854000,1659000,545000,2464000,18815000,16957000,36.886418,-76.30666000000001
171,,171.0,"U. Tennessee, Knoxville, Institute of Agriculture",69136000,0,0,54083000,0,0,0,0,7191000,7862000,0,,
172,166513.0,172.0,"U. Massachusetts, Lowell",68494000,5581000,469000,14861000,410000,13841000,1307000,4540000,0,17428000,10057000,42.65372,-71.325081
173,156125.0,173.0,Wichita State U.,65930000,0,49000,884000,114000,629000,949000,19000,0,50448000,12838000,37.716484,-97.296733
174,119678.0,174.0,Naval Postgraduate School,65529000,6264000,6837000,250000,3081000,8486000,138000,4048000,6728000,18726000,10971000,36.597159000000005,-121.87424800000001
175,166638.0,175.0,"U. Massachusetts, Boston",64223000,2536000,6696000,10872000,112000,1726000,3929000,8089000,462000,798000,29003000,42.312881000000004,-71.036865
176,231624.0,176.0,C. of William and Mary and Virginia Institute of Marine Science,63027000,2485000,33396000,2417000,339000,6249000,260000,9345000,0,0,8536000,37.269489,-76.708214
177,182281.0,177.0,"U. Nevada, Las Vegas",62825000,1705000,2541000,15916000,607000,9343000,1710000,4537000,0,13046000,13420000,36.106994,-115.141153
178,100751.0,178.0,"U. Alabama, Tuscaloosa",62549000,13443000,1597000,5174000,127000,6841000,3997000,3822000,0,18394000,9154000,33.2144,-87.545766
179,190567.0,179.0,"CUNY, City C.",62484000,1792000,1534000,11623000,977000,10344000,1238000,206000,1403000,32237000,1130000,40.819794,-73.95055
180,126775.0,180.0,Colorado School of Mines,60931000,0,10458000,0,355000,12741000,0,1182000,0,34840000,1355000,39.75079,-105.227148
181,219356.0,181.0,South Dakota State U.,60677000,1000,5879000,42500000,435000,3602000,0,1678000,0,6487000,95000,44.317485000000005,-96.782139
182,229027.0,182.0,"U. Texas, San Antonio",59831000,6351000,893000,13205000,331000,6935000,528000,5313000,1430000,14397000,10448000,29.582418,-98.621386
183,240453.0,183.0,U. Wisconsin-Milwaukee,59813000,462000,8732000,8248000,1178000,12875000,2504000,3430000,2288000,10944000,9152000,43.076848,-87.880488
184,176372.0,184.0,U. Southern Mississippi,59363000,1154000,24064000,7695000,0,11550000,0,1908000,0,824000,12168000,31.326610000000002,-89.331236
185,204857.0,185.0,Ohio U.,59117000,943000,2237000,21079000,118000,5839000,2500000,3035000,0,20077000,3289000,39.326798000000004,-82.10098500000001
186,200800.0,186.0,U. Akron,58817000,207000,481000,1927000,249000,11686000,889000,431000,172000,41309000,1466000,41.078551000000004,-81.511679
187,151102.0,187.0,"Indiana U.-Purdue U., Indianapolis",57853000,2591000,1043000,20695000,1083000,1524000,4175000,12139000,3352000,5448000,5803000,41.115418,-85.11174700000001
188,131159.0,188.0,American U.,57064000,0,436000,2645000,1890000,1809000,2821000,13273000,5296000,0,28894000,38.937802000000005,-77.090106
189,209807.0,189.0,Portland State U.,56572000,2034000,1411000,10548000,782000,3946000,1697000,10287000,921000,7091000,17855000,45.511229,-122.683553
190,206604.0,190.0,Wright State U.,55484000,4271000,800000,17525000,340000,2559000,1479000,19000,291000,27957000,243000,39.780634,-84.064881
191,128328.0,191.0,U.S. Air Force Academy,55358000,4585000,0,485000,572000,5231000,0,2771000,0,37015000,4699000,39.010957000000005,-104.89135800000001
192,,192.0,"U. Maryland, Center for Environmental Science",54974000,0,50127000,2734000,0,0,0,0,0,0,2113000,,
193,164924.0,193.0,Boston C.,54469000,343000,6106000,10996000,1084000,7978000,3300000,10917000,0,0,13745000,42.337688,-71.171488
194,228459.0,194.0,Texas State U.,54298000,1345000,3387000,7093000,582000,3088000,128000,3180000,7897000,3364000,24234000,29.889202,-97.936392
195,149222.0,195.0,"Southern Illinois U., Carbondale",53172000,702000,1025000,40786000,148000,2240000,76000,1256000,1980000,4959000,0,37.714193,-89.217273
196,228909.0,196.0,"U. North Texas, Health Science Center",50567000,0,0,50567000,0,0,0,0,0,0,0,32.749818,-97.368897
197,206084.0,197.0,U. Toledo,50019000,0,3228000,23360000,117000,6974000,59000,144000,0,11805000,4332000,41.660572,-83.614714
198,220862.0,198.0,U. Memphis,48321000,2128000,3868000,8812000,1039000,1880000,8236000,2437000,4101000,7873000,7947000,35.118878,-89.938068
199,102094.0,199.0,U. South Alabama,46670000,2070000,3748000,33736000,68000,326000,71000,414000,0,2033000,4204000,30.696033,-88.178711
200,243203.0,200.0,"U. Puerto Rico, Medical Sciences Campus",46232000,0,0,46232000,0,0,0,0,0,0,0,18.396548,-66.074894
201,197708.0,201.0,Yeshiva U.,46130000,0,0,46130000,0,0,0,0,0,0,0,40.8508,-73.928541
202,195003.0,202.0,Rochester Institute of Technology,45518000,3431000,1983000,631000,1059000,11992000,108000,2854000,0,17894000,5566000,43.084188000000005,-77.67386
203,133650.0,203.0,Florida A&M U.,45390000,133000,3080000,21178000,39000,2638000,399000,9000,2790000,2590000,12534000,30.428504,-84.290226
204,159373.0,204.0,"Louisiana State U., Health Sciences Center â€“ New Orleans",43067000,0,0,43067000,0,0,0,0,0,0,0,29.957272,-90.083145
205,146719.0,205.0,"Loyola U., Chicago",42672000,102000,0,38258000,495000,1132000,913000,252000,0,0,1520000,41.999161,-87.657399
206,230038.0,206.0,"Brigham Young U., Provo",42304000,1495000,586000,10704000,1417000,5172000,1081000,1085000,0,13972000,6792000,40.250851000000004,-111.649281
207,179159.0,207.0,Saint Louis U.,42151000,115000,1442000,35925000,135000,760000,475000,80000,0,1494000,1725000,38.636516,-90.23343
208,122755.0,208.0,San Jose State U.,41662000,159000,14267000,1169000,0,1340000,19454000,878000,119000,940000,3336000,37.336569000000004,-121.880621
209,131520.0,209.0,Howard U.,41038000,2549000,3394000,21237000,487000,2220000,1731000,1190000,0,7604000,626000,38.920739000000005,-77.019478
210,138354.0,210.0,U. West Florida,40815000,478000,7000,1984000,993000,270000,351000,8198000,0,29000,28505000,30.549076,-87.218511
211,229337.0,211.0,"Texas Tech U., Health Sciences Center",40235000,0,0,38717000,0,0,0,0,0,0,1518000,33.593227,-101.89359
212,,212.0,Van Andel Institute,40040000,0,0,40040000,0,0,0,0,0,0,0,,
213,105330.0,213.0,Northern Arizona U.,39580000,152000,9133000,23649000,0,1303000,180000,393000,631000,3359000,780000,35.188449,-111.65372400000001
214,124557.0,214.0,"U. California, Office of the President",39051000,1485000,0,22793000,0,14400000,0,0,373000,0,0,37.802222,-122.27134000000001
215,140562.0,215.0,Morehouse School of Medicine,38774000,0,0,38774000,0,0,0,0,0,0,0,33.742888,-84.41186
216,168421.0,216.0,Worcester Polytechnic Institute,37822000,4140000,0,1214000,1365000,2754000,0,669000,0,24779000,2901000,42.275067,-71.808792
217,227216.0,217.0,"U. North Texas, Denton",37106000,3682000,230000,10034000,733000,4270000,1507000,1277000,0,9125000,6248000,33.211178000000004,-97.148422
218,190594.0,218.0,"CUNY, Hunter C.",37094000,550000,1328000,13355000,12000,4379000,12320000,1564000,0,0,3586000,40.768669,-73.96479500000001
219,186867.0,219.0,Stevens Institute of Technology,35765000,1945000,6146000,257000,164000,1226000,0,25000,680000,23970000,1352000,40.744776,-74.025334
220,178411.0,220.0,Missouri U. of Science and Technology,35756000,2836000,0,321000,166000,3605000,28000,137000,0,28438000,225000,37.953426,-91.775583
221,203517.0,221.0,Kent State U.,34661000,541000,594000,3911000,534000,7992000,2629000,4369000,229000,1152000,12710000,41.146653,-81.342533
222,199102.0,222.0,North Carolina Agricultural and Technical State U.,33759000,1757000,324000,17970000,30000,709000,12000,59000,67000,10854000,1977000,36.076737,-79.770152
223,196255.0,223.0,"SUNY, Downstate Medical Center",33735000,0,0,33735000,0,0,0,0,0,0,0,40.655283000000004,-73.943827
224,213543.0,224.0,Lehigh U.,32941000,1181000,914000,1258000,200000,4607000,388000,441000,207000,21179000,2566000,40.607158,-75.378887
225,231970.0,225.0,Eastern Virginia Medical School,32550000,0,0,32550000,0,0,0,0,0,0,0,36.861232,-76.30069400000001
226,142115.0,226.0,Boise State U.,32085000,2341000,7204000,7764000,432000,927000,154000,1533000,635000,9394000,1701000,43.604403000000005,-116.20578900000001
227,196307.0,227.0,"SUNY, Upstate Medical U.",31892000,0,0,31892000,0,0,0,0,0,0,0,43.042951,-76.138976
228,228246.0,228.0,Southern Methodist U.,31819000,1578000,7393000,1883000,918000,3613000,652000,876000,397000,5419000,9090000,32.845254000000004,-96.78485500000001
229,140447.0,229.0,Mercer U.,31735000,0,0,5440000,0,10000,0,14000,140000,26049000,82000,32.831787,-83.648295
230,227368.0,230.0,U. Texas Rio Grande Valley,31007000,154000,149000,18089000,455000,3156000,20000,395000,64000,4918000,3607000,26.306629,-98.172112
231,100654.0,231.0,Alabama A&M U.,30289000,1001000,1873000,16581000,301000,2307000,637000,1035000,0,5142000,1412000,34.783368,-86.56850200000001
232,200697.0,232.0,Air Force Institute of Technology,29998000,2971000,1616000,0,635000,4807000,0,0,0,19693000,276000,39.780663000000004,-84.08724600000001
233,145725.0,233.0,Illinois Institute of Technology,29826000,3455000,168000,8654000,385000,4035000,59000,1129000,246000,11299000,396000,41.8313,-87.62732100000001
234,,234.0,Desert Research Institute,29422000,1998000,27271000,107000,0,0,0,46000,0,0,0,,
235,445188.0,235.0,"U. California, Merced",29370000,0,2576000,5307000,1121000,4718000,1460000,2189000,0,9814000,2185000,37.366237,-120.42494400000001
236,239105.0,236.0,Marquette U.,28422000,74000,0,8917000,1362000,1990000,853000,609000,151000,8012000,6454000,43.039030000000004,-87.927961
237,122597.0,237.0,San Francisco State U.,28273000,893000,4766000,11708000,573000,2745000,1877000,1051000,0,1536000,3124000,37.721345,-122.477905
238,199139.0,238.0,"U. North Carolina, Charlotte",27815000,6048000,306000,2861000,796000,4056000,170000,1458000,0,7915000,4205000,35.306022,-80.730919
239,174233.0,239.0,"U. Minnesota, Duluth",27528000,294000,3106000,19978000,366000,1046000,16000,81000,0,2062000,579000,46.817126,-92.084385
240,167987.0,240.0,"U. Massachusetts, Dartmouth",26824000,1049000,10508000,2537000,875000,1358000,500000,824000,2000,6710000,2461000,41.628861,-71.005528
241,223232.0,241.0,Baylor U.,26767000,575000,2211000,4522000,605000,7318000,989000,1435000,1349000,3233000,4530000,31.545956,-97.119359
242,133669.0,242.0,Florida Atlantic U.,26750000,888000,217000,15877000,216000,1324000,1678000,29000,0,4929000,1592000,26.372421,-80.10297800000001
243,178402.0,243.0,"U. Missouri, Kansas City",26292000,760000,612000,16378000,79000,1925000,808000,669000,0,2724000,2337000,39.035366,-94.578039
244,219471.0,244.0,U. South Dakota,25864000,264000,179000,13453000,157000,3175000,1102000,372000,0,3841000,3321000,42.784558000000004,-96.924664
245,243197.0,245.0,"U. Puerto Rico, Mayaguez",25491000,0,5783000,3198000,980000,2795000,0,343000,5000,11804000,583000,18.211142000000002,-67.139172
246,191241.0,246.0,Fordham U.,25374000,357000,0,2597000,63000,194000,5285000,973000,8000,0,15897000,40.859354,-73.882705
247,198464.0,247.0,East Carolina U.,25273000,209000,2057000,20731000,23000,353000,480000,770000,0,628000,22000,35.607186,-77.368291
248,131283.0,248.0,Catholic U. of America,25139000,0,0,2640000,0,18956000,1011000,312000,0,1441000,779000,38.935796,-76.99896100000001
249,224110.0,249.0,Texas A&M U.-Corpus Christi,24786000,337000,14629000,2673000,49000,377000,21000,89000,1163000,2573000,2875000,33.618269,-97.165273
250,196103.0,250.0,"SUNY, C. of Environmental Science and Forestry",24504000,12000,1369000,20665000,0,327000,0,627000,0,1221000,283000,43.034765,-76.138724
251,196468.0,251.0,"Columbia U., Teachers C.",24124000,613000,0,2225000,0,0,3892000,16138000,0,0,1256000,40.810311,-73.96039900000001
252,199148.0,252.0,"U. North Carolina, Greensboro",23965000,218000,0,6723000,145000,2998000,4589000,1456000,0,0,7836000,36.067503,-79.809844
253,175856.0,253.0,Jackson State U.,23832000,1553000,1764000,3642000,302000,7699000,0,207000,2877000,4364000,1424000,32.296781,-90.20663
254,181002.0,254.0,Creighton U.,23510000,795000,0,17707000,239000,1824000,359000,919000,0,0,1667000,41.265325000000004,-95.947029
255,243221.0,255.0,"U. Puerto Rico, Rio Piedras",23491000,1170000,2724000,4216000,235000,8085000,1270000,2268000,1763000,879000,881000,18.402826,-66.050009
256,435000.0,256.0,"Louisiana State U., Health Sciences Center - Shreveport",23353000,0,0,23353000,0,0,0,0,0,0,0,32.481019,-93.76081
257,159647.0,257.0,Louisiana Tech U.,23104000,2329000,87000,2320000,526000,1995000,413000,585000,0,8384000,6465000,32.528297,-92.649963
258,117636.0,258.0,Loma Linda U.,22977000,0,0,22950000,0,0,6000,0,0,0,21000,34.051241000000005,-117.26060500000001
259,207971.0,259.0,U. Tulsa,22347000,3239000,592000,553000,34000,1075000,816000,108000,0,14930000,1000000,36.151887,-95.945175
260,186399.0,260.0,"Rutgers, State U. New Jersey, Newark",21492000,353000,1203000,9925000,439000,1750000,819000,2771000,478000,674000,3080000,40.741303,-74.17529400000001
261,127060.0,261.0,U. Denver,21326000,397000,40000,2179000,210000,3030000,3957000,2758000,0,4287000,4468000,39.678005,-104.96325900000001
262,130934.0,262.0,Delaware State U.,21320000,0,597000,11451000,1407000,6929000,0,0,0,0,936000,39.187173,-75.54053
263,228705.0,263.0,Texas A&M U.-Kingsville,21309000,0,1483000,15155000,5000,133000,177000,3000,136000,1757000,2460000,27.524852000000003,-97.88234200000001
264,147703.0,264.0,Northern Illinois U.,21225000,748000,458000,3340000,208000,3629000,1625000,2830000,169000,3508000,4710000,41.933869,-88.766428
265,243665.0,265.0,U. of the Virgin Islands,21215000,0,0,20951000,0,0,0,0,264000,0,0,18.344193,-64.972866
266,237525.0,266.0,Marshall U.,20687000,55000,476000,13674000,32000,1579000,240000,126000,179000,2416000,1910000,38.422482,-82.42896400000001
267,110617.0,267.0,"California State U., Sacramento",20676000,120000,696000,1102000,48000,162000,51000,1245000,5171000,9110000,2971000,38.55745,-121.42194
268,142276.0,268.0,Idaho State U.,20447000,571000,2829000,4880000,26000,4680000,521000,293000,234000,6271000,142000,42.864108,-112.429084
269,145813.0,269.0,Illinois State U.,20408000,22000,490000,1961000,903000,495000,37000,1678000,0,0,14822000,40.509403,-88.990058
270,188580.0,270.0,Albany Medical C.,20166000,0,0,20166000,0,0,0,0,0,0,0,42.653178000000004,-73.77397500000001
271,102553.0,271.0,"U. Alaska, Anchorage",19883000,453000,2757000,6412000,0,106000,11000,1750000,4911000,1982000,1501000,61.190163000000005,-149.82619
272,187967.0,272.0,New Mexico Institute of Mining and Technology,19598000,1637000,3339000,735000,69000,3415000,0,0,0,10043000,360000,34.066035,-106.90749100000001
273,136215.0,273.0,Nova Southeastern U.,19559000,1000,9457000,8293000,0,0,403000,0,0,0,1405000,26.079337000000002,-80.24248
274,221838.0,274.0,Tennessee State U.,19520000,389000,0,13626000,339000,964000,176000,3000,0,2827000,1196000,36.16899,-86.82937
275,190664.0,275.0,"CUNY, Queens C.",19168000,1406000,479000,10691000,222000,1871000,2117000,574000,1178000,0,630000,40.735182,-73.816098
276,172699.0,276.0,Western Michigan U. and Homer Stryker M.D. School of Medicine,18927000,347000,1378000,2649000,382000,1316000,425000,415000,0,5062000,6953000,42.282589,-85.61512
277,133881.0,277.0,Florida Institute of Technology,18860000,2053000,1203000,2884000,231000,2913000,1215000,0,0,4697000,3664000,28.064503000000002,-80.624628
278,204477.0,278.0,Northeast Ohio Medical U.,18823000,0,0,18355000,0,0,0,147000,321000,0,0,41.102919,-81.24530200000001
279,149231.0,279.0,"Southern Illinois U., Edwardsville",18780000,47000,1264000,10635000,254000,582000,28000,616000,1635000,2182000,1537000,38.793949000000005,-89.99777900000001
280,110422.0,280.0,"California Polytechnic State U., San Luis Obispo",18081000,314000,795000,5942000,1227000,1647000,77000,616000,247000,6694000,522000,35.299513000000005,-120.657311
281,193654.0,281.0,New School,17425000,3000,38000,0,0,0,7594000,8019000,0,93000,1678000,40.735275,-73.994636
282,139931.0,282.0,Georgia Southern U.,17395000,112000,416000,4581000,130000,1005000,0,632000,7670000,1919000,930000,32.428808000000004,-81.78223200000001
283,229337.0,283.0,"Texas Tech U., Health Sciences Center, El Paso",17391000,0,0,16674000,0,0,0,0,0,0,717000,33.593227,-101.89359
284,193830.0,284.0,New York Medical C.,17311000,0,0,17311000,0,0,0,0,0,0,0,41.085031,-73.810042
285,212106.0,285.0,Duquesne U.,17089000,0,220000,10378000,96000,2642000,70000,27000,0,778000,2878000,40.437496,-79.993046
286,426314.0,286.0,Embry-Riddle Aeronautical U.,16761000,87000,217000,0,186000,764000,42000,133000,33000,14947000,352000,29.18927,-81.04951
287,145558.0,287.0,Rosalind Franklin U. of Medicine and Science,16760000,0,0,16491000,0,0,269000,0,0,0,0,42.300069,-87.859632
288,102377.0,288.0,Tuskegee U.,16535000,81000,0,9308000,21000,472000,64000,30000,0,6532000,27000,32.4309,-85.708492
289,110583.0,289.0,"California State U., Long Beach",16390000,101000,437000,3208000,617000,2722000,2573000,223000,2716000,1578000,2215000,33.782818,-118.11204000000001
290,110608.0,290.0,"California State U., Northridge",16330000,106000,2577000,2815000,1210000,3315000,531000,377000,753000,787000,3859000,34.23671,-118.52681700000001
291,115755.0,291.0,Humboldt State U.,16143000,0,4673000,5476000,0,72000,0,282000,0,5581000,59000,40.8741,-124.0814
292,204015.0,292.0,Miami U.,16057000,390000,513000,7412000,414000,1286000,936000,633000,553000,1974000,1946000,39.523776,-84.35724
293,171571.0,293.0,Oakland U.,16001000,542000,0,6337000,51000,2487000,321000,108000,0,4237000,1918000,42.674573,-83.216418
294,140553.0,294.0,Morehouse C.,15971000,45000,0,114000,110000,2150000,0,17000,1763000,0,11772000,33.747930000000004,-84.415156
295,163453.0,295.0,Morgan State U.,15727000,0,4578000,4689000,646000,916000,8000,584000,0,3932000,374000,39.344235000000005,-76.584238
296,198543.0,296.0,Fayetteville State U.,15725000,356000,300000,1202000,167000,616000,0,271000,0,128000,12685000,35.073641,-78.891696
297,159939.0,297.0,U. New Orleans,15719000,2055000,2602000,946000,0,2606000,480000,1824000,297000,3741000,1168000,30.028539000000002,-90.068506
298,199218.0,298.0,"U. North Carolina, Wilmington",15715000,27000,3879000,6678000,0,1241000,275000,138000,1030000,329000,2118000,34.225223,-77.875527
299,219347.0,299.0,South Dakota School of Mines and Technology,15396000,0,0,0,108000,2371000,0,0,0,12917000,0,44.075439,-103.205753
300,216597.0,300.0,Villanova U.,14903000,659000,308000,2341000,157000,1377000,243000,457000,101000,7291000,1969000,40.039388,-75.345457
301,220792.0,301.0,Meharry Medical C.,14768000,0,0,14768000,0,0,0,0,0,0,0,36.165458,-86.807371
302,201441.0,302.0,Bowling Green State U.,14460000,276000,531000,1591000,1318000,3292000,996000,2969000,0,26000,3461000,41.375513,-83.640896
303,232265.0,303.0,Hampton U.,14225000,484000,3537000,1053000,178000,4901000,0,2516000,0,903000,653000,37.019944,-76.339161
304,169248.0,304.0,Central Michigan U.,14166000,86000,395000,6901000,90000,1904000,199000,89000,0,640000,3862000,43.591203,-84.77525
305,197036.0,305.0,U.S. Military Academy,13500000,1600000,114000,328000,1203000,18000,58000,1166000,0,7794000,1219000,41.390479,-73.956603
306,178420.0,306.0,"U. Missouri, Saint Louis",13460000,881000,0,5099000,82000,1855000,367000,1431000,0,1161000,2584000,38.711297,-90.308886
307,111966.0,307.0,Charles R. Drew U. of Medicine and Science,13360000,0,0,13360000,0,0,0,0,0,0,0,33.925658,-118.24279100000001
308,218733.0,308.0,South Carolina State U.,13076000,0,0,7955000,130000,897000,256000,543000,0,2296000,999000,33.497439,-80.851185
309,190044.0,309.0,Clarkson U.,12983000,47000,0,534000,630000,1306000,31000,41000,0,10210000,184000,44.662716,-74.999359
310,227526.0,310.0,Prairie View A&M U.,12616000,257000,0,8193000,47000,1603000,2000,7000,16000,2386000,105000,30.092425000000002,-95.989475
311,199157.0,311.0,North Carolina Central U.,12463000,0,408000,6021000,0,3406000,20000,684000,0,0,1924000,35.974237,-78.898602
312,160904.0,312.0,Xavier U. Louisiana,12084000,346000,0,4280000,0,7021000,10000,11000,0,392000,24000,29.964162,-90.107307
313,180416.0,313.0,Montana Tech of U. Montana,11851000,0,7533000,539000,0,276000,0,0,0,3503000,0,46.012164,-112.557
314,485537.0,314.0,"U. Texas Health Science Center, Tyler",11799000,0,0,11799000,0,0,0,0,0,0,0,32.42864,-95.211741
315,150136.0,315.0,Ball State U.,11763000,1075000,44000,2166000,80000,435000,46000,1843000,0,0,6074000,40.203431,-85.409043
316,168218.0,316.0,Wellesley C.,11664000,562000,0,1291000,32000,1895000,19000,226000,2871000,0,4768000,42.291554000000005,-71.306605
317,221847.0,317.0,Tennessee Technological U.,11528000,762000,6000,1992000,46000,1671000,140000,4000,1000,5154000,1752000,36.174659,-85.503957
318,164155.0,318.0,U.S. Naval Academy,11374000,1485000,687000,0,564000,1906000,0,51000,0,6671000,10000,38.980507,-76.48169200000001
319,141565.0,319.0,"U. Hawaii, Hilo",11287000,0,446000,9728000,82000,312000,179000,313000,156000,0,71000,19.701854,-155.081329
320,207209.0,320.0,Langston U.,11178000,0,0,10743000,0,0,0,0,0,198000,237000,35.943982,-97.260317
321,211273.0,321.0,Bryn Mawr C.,10867000,851000,327000,820000,814000,1345000,586000,1393000,0,0,4731000,40.028541000000004,-75.314988
322,110510.0,322.0,"California State U., San Bernardino",10771000,623000,41000,1987000,1864000,1384000,3396000,279000,150000,1000,1046000,34.182987000000004,-117.32250800000001
323,237011.0,323.0,Western Washington U.,10743000,114000,2552000,819000,730000,815000,548000,510000,720000,1189000,2746000,48.737236,-122.48487300000001
324,112251.0,324.0,Claremont Graduate U.,10688000,418000,0,7462000,127000,0,160000,266000,0,1860000,395000,34.103778,-117.712394
325,220181.0,325.0,Fisk U.,10635000,178000,0,4205000,174000,3046000,0,0,78000,0,2954000,36.16912,-86.805671
326,181394.0,326.0,"U. Nebraska, Omaha",10459000,1877000,74000,4341000,29000,314000,238000,1247000,60000,913000,1366000,41.257746000000004,-96.010797
327,184782.0,327.0,Rowan U.,10212000,339000,10000,5905000,0,736000,425000,59000,0,2639000,99000,39.709768000000004,-75.117974
328,247819.0,328.0,C. Charleston,10189000,525000,1174000,2225000,228000,1043000,354000,228000,1178000,0,3234000,,
329,190576.0,329.0,"CUNY, Graduate Center",10098000,12000,32000,731000,0,52000,321000,3694000,12000,0,5244000,40.748503,-73.983575
330,217420.0,330.0,Rhode Island C.,9943000,0,0,767000,138000,54000,257000,43000,0,0,8684000,41.842415,-71.46556
331,190600.0,331.0,"CUNY, John Jay C. of Criminal Justice",9688000,228000,0,445000,73000,115000,2232000,144000,13000,2000,6436000,40.770351,-73.98841
332,190549.0,332.0,"CUNY, Brooklyn C.",9602000,191000,655000,1836000,206000,1882000,1786000,865000,1773000,11000,397000,40.631912,-73.95312
333,158802.0,333.0,Dillard U.,9566000,0,0,7046000,0,568000,0,1845000,0,0,107000,29.996587,-90.06464
334,144740.0,334.0,DePaul U.,9558000,4879000,27000,429000,0,239000,2953000,63000,0,0,968000,41.877618,-87.62724
335,228529.0,335.0,Tarleton State U.,9404000,0,3122000,5718000,0,40000,0,0,0,0,524000,32.214988,-98.214866
336,227845.0,336.0,St. Edward's U.,9325000,100000,370000,2500000,0,750000,0,0,0,0,5605000,30.229844,-97.75763
337,157951.0,337.0,Western Kentucky U.,8926000,20000,1510000,2823000,4000,2218000,297000,221000,0,387000,1446000,36.985718,-86.455898
338,109785.0,338.0,Azusa Pacific U.,8898000,21000,0,2671000,79000,454000,1322000,428000,0,21000,3902000,34.130865,-117.88795
339,106412.0,339.0,"U. Arkansas, Pine Bluff",8873000,0,0,6838000,809000,493000,0,19000,714000,0,0,34.244031,-92.01868300000001
340,110556.0,340.0,"California State U., Fresno",8586000,18000,133000,4944000,549000,1061000,2000,118000,0,606000,1155000,36.814477000000004,-119.748258
341,138947.0,341.0,Clark Atlanta U.,8513000,162000,0,6206000,0,1797000,0,45000,0,272000,31000,33.747628,-84.41258400000001
342,163851.0,342.0,Salisbury U.,8473000,221000,1034000,2005000,18000,182000,17000,915000,128000,3000,3950000,38.345447,-75.605705
343,377555.0,343.0,"U. Washington, Bothell",8406000,24000,419000,127000,45000,10000,0,0,0,119000,7662000,47.760718000000004,-122.19145400000001
344,486840.0,344.0,Kennesaw State U.,8279000,238000,0,561000,93000,363000,0,257000,4669000,98000,2000000,34.038807,-84.58305200000001
345,163338.0,345.0,"U. Maryland, Eastern Shore",8250000,0,3210000,4965000,0,0,0,0,0,0,75000,38.207386,-75.686852
346,175342.0,346.0,Alcorn State U.,8204000,0,6000,5452000,0,0,0,2459000,0,287000,0,31.877216,-91.142854
347,106458.0,347.0,"Arkansas State U., Jonesboro",8169000,186000,267000,5595000,29000,928000,156000,225000,160000,612000,11000,35.842388,-90.67998800000001
348,234155.0,348.0,Virginia State U.,8147000,0,97000,4928000,94000,73000,422000,120000,0,2214000,199000,37.236453000000004,-77.419886
349,243081.0,349.0,Ponce Health Sciences U.,7992000,0,0,7992000,0,0,0,0,0,0,0,17.993242000000002,-66.620343
350,220075.0,350.0,East Tennessee State U.,7982000,0,0,6779000,117000,209000,367000,208000,0,0,302000,36.301643,-82.366954
351,171137.0,351.0,"U. Michigan, Dearborn",7904000,0,0,158000,13000,222000,56000,399000,102000,6100000,854000,42.317287,-83.23141700000001
352,152248.0,352.0,"Purdue U., Calumet",7812000,162000,0,577000,232000,183000,0,108000,188000,3003000,3359000,41.584742,-87.47376
353,130697.0,353.0,Wesleyan U.,7740000,0,344000,2223000,268000,2685000,868000,372000,0,0,980000,41.55678,-72.656755
354,423643.0,354.0,Midwestern U.,7732000,0,0,7730000,0,0,0,2000,0,0,0,33.663217,-112.18355600000001
355,106245.0,355.0,"U. Arkansas, Little Rock",7604000,1301000,185000,2023000,10000,1002000,0,92000,0,2358000,633000,34.726644,-92.341835
356,232937.0,356.0,Norfolk State U.,7593000,3796000,0,146000,32000,1383000,0,0,0,1839000,397000,36.848262,-76.26393
357,161457.0,357.0,U. New England,7566000,0,965000,6297000,0,27000,0,0,0,0,277000,43.458172000000005,-70.38588200000001
358,117946.0,358.0,Loyola Marymount U.,7504000,7000,0,1329000,62000,23000,427000,2199000,0,121000,3336000,33.97085,-118.415744
359,240754.0,359.0,U. Guam,7402000,0,2627000,4558000,0,0,0,166000,0,0,51000,13.433047,144.803978
360,433660.0,360.0,Florida Gulf Coast U.,7335000,39000,654000,858000,0,284000,10000,63000,9000,195000,5223000,26.464262,-81.773578
361,186584.0,361.0,Seton Hall U.,7244000,0,0,825000,0,0,0,0,0,0,6419000,40.742859,-74.24875300000001
362,157058.0,362.0,Kentucky State U.,7178000,41000,0,6842000,0,51000,126000,0,0,0,118000,38.201056,-84.85548800000001
363,448840.0,363.0,"U. South Florida, Saint Petersburg",7116000,0,0,578000,0,0,509000,6000,0,0,6023000,27.762618,-82.63565700000001
364,243568.0,364.0,U. Central del Caribe,7090000,0,0,7090000,0,0,0,0,0,0,0,18.366171,-66.153758
365,165334.0,365.0,Clark U.,6970000,0,940000,1041000,0,681000,1632000,2110000,0,0,566000,42.251064,-71.823537
366,131450.0,366.0,Gallaudet U.,6947000,270000,143000,1113000,230000,472000,1411000,123000,209000,43000,2933000,38.907371000000005,-76.993675
367,112525.0,367.0,Western U. of Health Sciences,6895000,0,0,3717000,0,0,0,0,0,0,3178000,34.058092,-117.74773200000001
368,151102.0,368.0,"Indiana U.-Purdue U., Fort Wayne",6872000,31000,65000,2606000,76000,119000,242000,148000,13000,630000,2942000,41.115418,-85.11174700000001
369,126580.0,369.0,U. Colorado Colorado Springs,6812000,1904000,187000,363000,113000,874000,983000,335000,28000,892000,1133000,38.892735,-104.800296
370,170082.0,370.0,Grand Valley State U.,6764000,4000,2976000,875000,95000,626000,45000,1874000,63000,37000,169000,42.965208000000004,-85.887519
371,366711.0,371.0,"California State U., San Marcos",6634000,631000,0,2008000,578000,34000,391000,587000,983000,0,1422000,33.130569,-117.159013
372,228875.0,372.0,Texas Christian U.,6589000,64000,308000,781000,75000,914000,1454000,370000,0,87000,2536000,32.709568000000004,-97.361537
373,111948.0,373.0,Chapman U.,6554000,0,357000,2590000,0,1036000,433000,607000,0,0,1531000,33.793678,-117.851481
374,,374.0,National Defense U.,6447000,0,0,0,0,0,50000,5670000,0,0,727000,,
375,173258.0,375.0,Carleton C.,6385000,261000,205000,128000,354000,424000,74000,5000,0,0,4934000,44.462304,-93.154662
376,185590.0,376.0,Montclair State U.,6320000,143000,117000,2094000,568000,1021000,49000,513000,0,0,1815000,40.859233,-74.199455
377,206941.0,377.0,U. Central Oklahoma,6275000,119000,0,319000,184000,592000,0,0,0,0,5061000,35.658239,-97.470985
378,129242.0,378.0,Fairfield U.,6174000,0,0,790000,333000,392000,202000,544000,0,444000,3469000,41.160732,-73.25778
379,220978.0,379.0,Middle Tennessee State U.,6164000,103000,174000,1377000,578000,653000,19000,241000,0,826000,2193000,35.848005,-86.360618
380,112260.0,380.0,Claremont McKenna C.,6094000,0,51000,433000,143000,0,43000,5299000,85000,0,40000,34.102323,-117.70659300000001
381,216764.0,381.0,West Chester U. Pennsylvania,5895000,56000,97000,1017000,173000,530000,521000,593000,151000,0,2757000,39.953398,-75.59812000000001
382,177940.0,382.0,"Lincoln U., Jefferson City",5826000,0,0,4850000,197000,47000,0,134000,598000,0,0,38.564409000000005,-92.168509
383,161873.0,383.0,U. Baltimore,5798000,57000,20000,0,0,0,0,5111000,0,0,610000,39.305834000000004,-76.616591
384,110565.0,384.0,"California State U., Fullerton",5755000,133000,106000,2270000,0,944000,296000,509000,9000,762000,726000,33.883627000000004,-117.885349
385,168342.0,385.0,Williams C.,5747000,178000,185000,853000,239000,1963000,253000,835000,0,0,1241000,42.712725,-73.203132
386,442806.0,386.0,Edward Via C. of Osteopathic Medicine,5692000,0,0,5692000,0,0,0,0,0,0,0,37.199666,-80.40602100000001
387,409698.0,387.0,"California State U., Monterey Bay",5680000,377000,1491000,3480000,0,0,1000,330000,0,0,1000,36.653724000000004,-121.799216
388,221740.0,388.0,"U. Tennessee, Chattanooga",5600000,882000,0,487000,129000,40000,76000,1000,1430000,917000,1638000,35.048247,-85.299812
389,214591.0,389.0,"Pennsylvania State U., Behrend",5382000,186000,1897000,694000,48000,124000,70000,125000,0,1960000,278000,42.119433,-79.983773
390,110592.0,390.0,"California State U., Los Angeles",5371000,0,0,958000,0,1575000,0,1518000,0,809000,511000,34.066927,-118.16896500000001
391,194310.0,391.0,Pace U.,5359000,122000,0,875000,0,332000,65000,184000,0,1368000,2413000,40.711014,-74.00471900000001
392,190637.0,392.0,"CUNY, Lehman C.",5347000,0,18000,1019000,132000,1927000,0,751000,0,0,1500000,40.873928,-73.894627
393,110529.0,393.0,"California State Polytechnic U., Pomona",5254000,294000,167000,3326000,0,225000,0,161000,0,1081000,0,34.054273,-117.81901900000001
394,237899.0,394.0,West Virginia State U.,5224000,41000,0,4823000,0,145000,0,0,0,215000,0,38.380541,-81.765034
395,166665.0,395.0,"U. Massachusetts, central office",5219000,0,0,201000,0,0,0,0,1489000,0,3529000,42.35849,-71.060761
396,241739.0,396.0,U. Metropolitana,5183000,0,109000,48000,21000,3568000,0,0,0,0,1437000,18.387183,-66.06164700000001
397,136172.0,397.0,U. North Florida,5141000,382000,78000,716000,14000,696000,214000,298000,0,1968000,775000,30.270917,-81.507853
398,139719.0,398.0,Fort Valley State U.,5138000,0,0,4877000,153000,108000,0,0,0,0,0,32.538163000000004,-83.895548
399,,399.0,"U. Oklahoma, Tulsa",4962000,0,0,1925000,0,0,73000,117000,0,992000,1855000,,
400,161554.0,400.0,U. Southern Maine,4773000,776000,0,524000,0,155000,0,1951000,0,59000,1308000,43.662637000000004,-70.276002
401,228431.0,401.0,Stephen F. Austin State U.,4749000,48000,237000,2252000,2000,52000,7000,370000,0,0,1781000,31.621056,-94.64908
402,122436.0,402.0,U. San Diego,4734000,0,1156000,204000,41000,640000,21000,253000,5000,246000,2168000,32.77142,-117.188721
403,160621.0,403.0,"Southern U. and A&M C., Agricultural Research and Extension Center",4704000,0,0,4704000,0,0,0,0,0,0,0,30.524558000000003,-91.190105
404,229063.0,404.0,Texas Southern U.,4495000,361000,0,2296000,0,294000,0,218000,498000,97000,731000,29.722468000000003,-95.36196100000001
405,167835.0,405.0,Smith C.,4466000,239000,49000,1997000,350000,266000,278000,96000,74000,775000,342000,42.318111,-72.638097
406,211291.0,406.0,Bucknell U.,4377000,0,228000,875000,98000,942000,154000,84000,147000,1486000,363000,40.954317,-76.882616
407,115409.0,407.0,Harvey Mudd C.,4332000,1270000,0,177000,222000,605000,0,0,1108000,920000,30000,34.106137000000004,-117.710594
408,160621.0,408.0,"Southern U. and A&M C., Baton Rouge",4322000,135000,692000,266000,0,915000,0,1000,0,1258000,1055000,30.524558000000003,-91.190105
409,164465.0,409.0,Amherst C.,4260000,46000,138000,755000,222000,1360000,154000,397000,0,0,1188000,42.372459,-72.518493
410,186371.0,410.0,"Rutgers, State U. New Jersey, Camden",4250000,189000,0,2204000,68000,117000,207000,968000,438000,1000,58000,39.948628,-75.125303
411,153384.0,411.0,Grinnell C.,4183000,278000,0,438000,307000,571000,180000,281000,0,0,2128000,41.747048,-92.72124600000001
412,196228.0,412.0,"SUNY, C. of Optometry",4169000,0,0,4169000,0,0,0,0,0,0,0,40.754465,-73.982236
413,199184.0,413.0,"U. North Carolina, general administration",4137000,567000,0,948000,0,0,16000,0,95000,2511000,0,36.07482,-80.236625
414,194091.0,414.0,New York Institute of Technology,4114000,39000,0,2494000,0,0,0,0,0,1313000,268000,40.812447,-73.6078
415,229814.0,415.0,West Texas A&M U.,4048000,8000,0,2409000,93000,49000,0,60000,46000,1111000,272000,34.981996,-101.9158
416,173920.0,416.0,"Minnesota State U., Mankato",4034000,0,52000,618000,0,140000,87000,516000,0,2192000,429000,44.146712,-93.99945000000001
417,127741.0,417.0,U. Northern Colorado,4028000,0,45000,1854000,315000,82000,288000,281000,1000,0,1162000,40.410855,-104.692777
418,209506.0,418.0,Oregon Institute of Technology,4027000,307000,0,1268000,0,0,0,0,0,2452000,0,42.257152000000005,-121.785177
419,166939.0,419.0,Mount Holyoke C.,3999000,236000,219000,961000,435000,1566000,276000,165000,0,0,141000,42.257588,-72.573625
420,188641.0,420.0,Alfred U.,3975000,0,0,8000,0,43000,0,0,0,3684000,240000,42.254476000000004,-77.788106
421,377564.0,421.0,"U. Washington, Tacoma",3957000,830000,705000,158000,30000,0,0,31000,30000,0,2173000,47.244594,-122.438541
422,239318.0,422.0,Milwaukee School of Engineering,3930000,0,0,922000,0,63000,0,0,0,2945000,0,43.045364,-87.907691
423,129941.0,423.0,U. New Haven,3822000,0,0,84000,0,0,0,0,0,2451000,1287000,41.291314,-72.961472
424,169798.0,424.0,Eastern Michigan U.,3815000,64000,397000,868000,0,503000,224000,450000,0,136000,1173000,42.245996,-83.624415
425,212577.0,425.0,Franklin and Marshall C.,3772000,42000,204000,729000,18000,465000,48000,60000,881000,0,1325000,40.048045,-76.31903700000001
426,226152.0,426.0,Texas A&M International U.,3742000,0,89000,903000,148000,219000,67000,9000,126000,56000,2125000,27.573504,-99.435225
427,121345.0,427.0,Pomona C.,3691000,188000,648000,837000,434000,761000,130000,449000,0,0,244000,34.098298,-117.711944
428,169716.0,428.0,U. Detroit Mercy,3654000,175000,0,3142000,0,55000,79000,7000,0,191000,5000,42.417168000000004,-83.138369
429,154095.0,429.0,U. Northern Iowa,3632000,1000,204000,347000,6000,394000,3000,1834000,770000,0,73000,42.514923,-92.459703
430,118888.0,430.0,Mills C.,3540000,0,0,9000,0,248000,0,0,0,0,3283000,37.782639,-122.18789000000001
431,189097.0,431.0,Barnard C.,3534000,0,25000,427000,197000,1138000,1189000,127000,0,0,431000,40.809137,-73.964027
432,190558.0,432.0,"CUNY, C. Staten Island",3511000,184000,0,283000,567000,1332000,108000,8000,0,298000,731000,40.601831000000004,-74.14849000000001
433,174783.0,433.0,St. Cloud State U.,3497000,223000,22000,806000,24000,94000,1000,259000,0,147000,1921000,45.552418,-94.153
434,131399.0,434.0,U. of the District of Columbia,3469000,0,124000,2294000,187000,0,0,0,0,864000,0,38.943819000000005,-77.066247
435,459727.0,435.0,"Touro U., Vallejo",3466000,0,0,3466000,0,0,0,0,0,0,0,33.808683,-118.057754
436,169983.0,436.0,Kettering U.,3463000,128000,0,36000,1000,237000,0,0,0,2248000,813000,43.013112,-83.71435600000001
437,106704.0,437.0,U. Central Arkansas,3453000,378000,0,825000,178000,550000,95000,106000,0,0,1321000,35.077945,-92.457672
438,,438.0,Roseman U. of Health Sciences,3433000,0,0,3433000,0,0,0,0,0,0,0,,
439,235097.0,439.0,Eastern Washington U.,3368000,0,35000,1040000,0,148000,0,2053000,0,0,92000,47.490667,-117.583808
440,199111.0,440.0,"U. North Carolina, Asheville",3348000,49000,812000,534000,0,942000,249000,157000,0,51000,554000,35.616618,-82.565259
441,215132.0,441.0,U. of the Sciences Philadelphia,3308000,0,0,2818000,0,335000,0,34000,0,0,121000,39.946552000000004,-75.208241
442,232423.0,442.0,James Madison U.,3303000,217000,429000,847000,0,713000,268000,145000,57000,607000,20000,38.436311,-78.870484
443,146603.0,443.0,Lewis and Clark C.,3267000,216000,430000,499000,123000,548000,194000,53000,0,0,1204000,38.952408,-90.195552
444,227881.0,444.0,Sam Houston State U.,3266000,110000,38000,689000,418000,338000,44000,1533000,0,0,96000,30.714738,-95.546205
445,130493.0,445.0,Southern Connecticut State U.,3243000,2000,105000,36000,16000,986000,34000,156000,71000,0,1837000,41.331852000000005,-72.948806
446,101480.0,446.0,Jacksonville State U.,3231000,248000,0,204000,0,0,0,0,0,5000,2774000,33.822938,-85.765321
447,190099.0,447.0,Colgate U.,3219000,224000,450000,637000,32000,751000,255000,282000,0,0,588000,42.8188,-75.535
448,209922.0,448.0,Reed C.,3213000,0,0,1770000,375000,559000,418000,91000,0,0,0,45.480376,-122.63064000000001
449,216287.0,449.0,Swarthmore C.,3211000,13000,0,597000,124000,651000,121000,158000,142000,504000,901000,39.905159000000005,-75.35427800000001
450,240329.0,449.0,U. Wisconsin-La Crosse,3211000,62000,50000,1213000,109000,389000,21000,878000,73000,0,416000,43.815295,-91.230149
451,,451.0,Naval War C.,3210000,0,0,0,0,0,0,0,0,0,3210000,,
452,161004.0,452.0,Bowdoin C.,3204000,212000,714000,1511000,75000,368000,0,199000,0,0,125000,43.907134,-69.963942
453,121150.0,453.0,Pepperdine U.,3178000,0,44000,321000,71000,91000,55000,1238000,0,0,1358000,34.037786000000004,-118.70707700000001
454,,454.0,"Memorial Sloan Kettering Cancer Center, Louis V. Gerstner Jr. Graduate S. of Biomedical Sciences",3177000,0,0,3177000,0,0,0,0,0,0,0,,
455,110486.0,455.0,"California State U., Bakersfield",3161000,50000,1530000,358000,66000,104000,0,119000,0,498000,436000,35.350005,-119.10471100000001
456,197869.0,456.0,Appalachian State U.,3146000,397000,743000,1120000,0,272000,232000,54000,50000,0,278000,36.214844,-81.680234
457,409254.0,457.0,Erikson Institute,3117000,0,0,0,0,0,0,0,0,0,3117000,41.890279,-87.632238
458,179566.0,458.0,Missouri State U.,3069000,0,26000,1483000,0,422000,2000,252000,0,842000,42000,37.197983,-93.276821
459,233374.0,459.0,U. Richmond,3047000,0,115000,616000,96000,992000,246000,494000,0,0,488000,37.577625000000005,-77.538702
460,152600.0,460.0,Valparaiso U.,3041000,0,213000,35000,147000,527000,0,0,0,797000,1322000,41.462239000000004,-87.040172
461,229179.0,461.0,Texas Woman's U.,3014000,375000,0,1865000,10000,44000,296000,45000,0,0,379000,33.227002,-97.12908800000001
462,120883.0,462.0,U. of the Pacific,3013000,9000,92000,1258000,0,354000,0,52000,201000,323000,724000,37.981424000000004,-121.312301
463,190512.0,463.0,"CUNY, Baruch C.",2998000,19000,169000,116000,123000,278000,163000,1447000,0,0,683000,40.740238,-73.983417
464,240480.0,464.0,U. Wisconsin-Stevens Point,2973000,75000,142000,1677000,27000,186000,53000,116000,0,481000,216000,44.529582000000005,-89.57093400000001
465,224554.0,465.0,Texas A&M U.-Commerce,2943000,110000,0,594000,3000,671000,13000,0,0,18000,1534000,33.243745000000004,-95.908451
466,177834.0,466.0,A. T. Still U.,2873000,0,0,2873000,0,0,0,0,0,0,0,40.193648,-92.589183
467,228802.0,467.0,"U. Texas, Tyler",2844000,44000,0,782000,0,37000,54000,75000,1000,127000,1724000,32.314724,-95.24909600000001
468,219046.0,468.0,Black Hills State U.,2833000,0,0,924000,0,798000,0,0,0,0,1111000,44.494889,-103.87096600000001
469,170301.0,469.0,Hope C.,2811000,74000,11000,403000,45000,1748000,46000,268000,120000,96000,0,42.788052,-86.105376
470,110547.0,470.0,"California State U., Dominguez Hills",2790000,203000,2000,214000,248000,701000,15000,77000,0,0,1330000,33.86524,-118.25931600000001
471,226091.0,471.0,Lamar U.,2783000,20000,25000,213000,10000,213000,0,4000,0,1339000,959000,30.042738,-94.072244
472,234827.0,472.0,Central Washington U.,2751000,0,1438000,492000,68000,295000,15000,427000,0,16000,0,47.002687,-120.538368
473,445054.0,473.0,"Toyota Technological Institute, Chicago",2710000,2710000,0,0,0,0,0,0,0,0,0,41.7844,-87.592591
474,191515.0,474.0,Hamilton C.,2662000,2000,128000,172000,21000,306000,54000,214000,0,0,1765000,43.050245000000004,-75.408195
475,198516.0,475.0,Elon U.,2606000,96000,0,296000,80000,170000,83000,326000,0,90000,1465000,36.104149,-79.505632
476,214713.0,476.0,"Pennsylvania State U., Harrisburg",2558000,6000,1000,11000,240000,23000,32000,1558000,0,675000,12000,40.203766,-76.7423
477,166869.0,477.0,MGH Institute of Health Professions,2548000,0,0,2228000,0,0,0,0,0,0,320000,42.375018000000004,-71.054002
478,243601.0,478.0,U. del Turabo,2518000,0,37000,605000,34000,285000,13000,67000,0,706000,771000,18.239647,-66.006259
479,209612.0,479.0,Pacific U.,2508000,0,0,896000,20000,153000,435000,5000,0,0,999000,45.521394,-123.108777
480,176406.0,480.0,Tougaloo C.,2473000,0,0,1747000,0,0,0,0,0,0,726000,32.403014,-90.16076
481,210401.0,481.0,Willamette U.,2459000,43000,36000,464000,93000,217000,126000,51000,0,24000,1405000,44.935743,-123.03072700000001
482,215123.0,482.0,Philadelphia C. of Osteopathic Medicine,2458000,0,0,2458000,0,0,0,0,0,0,0,40.006308000000004,-75.214198
483,217518.0,483.0,Roger Williams U.,2441000,0,458000,80000,40000,775000,116000,0,286000,60000,626000,41.650214,-71.260374
484,159993.0,483.0,"U. Louisiana, Monroe",2441000,0,63000,2208000,0,12000,0,147000,0,0,11000,32.527748,-92.07374
485,191649.0,485.0,Hofstra U.,2440000,9000,38000,300000,1000,25000,17000,46000,0,1480000,524000,40.715959,-73.60078
486,119605.0,486.0,National U.,2400000,0,0,911000,0,0,0,0,0,0,1489000,32.909469,-117.24424300000001
487,157386.0,487.0,Morehead State U.,2399000,0,19000,201000,0,11000,348000,0,0,1510000,310000,38.186768,-83.434021
488,229267.0,488.0,Trinity U.,2383000,72000,245000,477000,89000,792000,166000,139000,0,116000,287000,29.462860000000003,-98.482577
489,100724.0,489.0,Alabama State U.,2372000,0,0,2372000,0,0,0,0,0,0,0,32.364317,-86.295677
490,141644.0,490.0,Hawaii Pacific U.,2371000,0,414000,1544000,16000,56000,0,321000,0,0,20000,21.310306,-157.859645
491,122612.0,491.0,U. San Francisco,2365000,60000,98000,302000,59000,0,0,55000,1144000,0,647000,37.775564,-122.45097700000001
492,110538.0,492.0,"California State U., Chico",2363000,16000,468000,1193000,68000,20000,0,61000,20000,306000,211000,39.729712,-121.84485900000001
493,206695.0,493.0,Youngstown State U.,2342000,2000,1000,79000,0,322000,80000,3000,0,1846000,9000,41.105583,-80.64651500000001
494,195809.0,494.0,"St. John's U., Manhattan",2307000,0,0,982000,12000,747000,91000,0,0,0,475000,40.722523,-73.796104
495,164076.0,495.0,Towson U.,2303000,613000,151000,579000,11000,513000,72000,6000,0,0,358000,39.393622,-76.611164
496,229887.0,496.0,Wiley C.,2301000,4000,0,24000,75000,0,0,6000,0,0,2192000,32.537646,-94.376821
497,140960.0,497.0,Savannah State U.,2267000,0,987000,659000,0,16000,0,6000,0,593000,6000,32.024781000000004,-81.063377
498,196121.0,498.0,"SUNY, Buffalo State",2221000,0,1376000,387000,0,45000,59000,317000,0,11000,26000,43.211926,-77.947188
499,456542.0,499.0,Commonwealth Medical C.,2208000,0,0,2208000,0,0,0,0,0,0,0,41.413415,-75.655478
500,111188.0,500.0,California Maritime Academy,2205000,0,28000,4000,0,25000,0,10000,0,2138000,0,38.069061000000005,-122.23155100000001
501,207342.0,501.0,"Oklahoma State U., Center for Health Sciences",2182000,0,0,1102000,0,204000,0,433000,138000,47000,258000,35.47928,-97.496289
502,212911.0,502.0,Haverford C.,2173000,19000,0,773000,19000,759000,50000,130000,0,0,423000,40.007452,-75.305207
503,219082.0,503.0,Dakota State U.,2171000,1871000,0,41000,0,114000,0,0,0,0,145000,44.013014,-97.113358
504,215770.0,503.0,Saint Joseph's U.,2171000,0,0,285000,20000,373000,147000,86000,0,0,1260000,39.994442,-75.238343
505,155681.0,505.0,Pittsburg State U.,2162000,0,63000,124000,0,33000,0,107000,0,1835000,0,37.3913,-94.70478200000001
506,196866.0,506.0,"Union C., Schenectady",2150000,11000,868000,457000,35000,202000,177000,90000,0,191000,119000,42.817578000000005,-73.928498
507,160612.0,507.0,Southeastern Louisiana U.,2128000,0,0,973000,0,229000,2000,291000,0,55000,578000,30.514652,-90.468676
508,157401.0,508.0,Murray State U.,2124000,0,189000,1740000,38000,103000,2000,13000,0,7000,32000,36.612419,-88.323629
509,143358.0,509.0,Bradley U.,2122000,82000,0,81000,4000,593000,1000,5000,0,1322000,34000,40.697605,-89.61462
510,,510.0,Babson C.,2108000,0,0,0,92000,0,0,0,0,0,2016000,,
511,198756.0,511.0,Johnson C. Smith U.,2094000,53000,0,428000,0,69000,0,16000,0,75000,1453000,35.243384,-80.854842
512,122931.0,512.0,Santa Clara U.,2056000,0,0,588000,2000,397000,79000,143000,109000,720000,18000,37.352706000000005,-121.93818900000001
513,236595.0,513.0,Seattle U.,2050000,11000,0,438000,174000,209000,0,0,0,778000,440000,47.610138,-122.31970000000001
514,228501.0,514.0,Sul Ross State U.,2015000,0,0,1158000,0,0,0,750000,0,0,107000,30.363139,-103.651469
515,120254.0,515.0,Occidental C.,2008000,0,155000,1408000,0,160000,15000,169000,0,0,101000,34.126224,-118.210783
516,218964.0,516.0,Winthrop U.,1993000,0,0,397000,88000,309000,2000,121000,0,0,1076000,34.941515,-81.03140400000001
517,128902.0,517.0,Connecticut C.,1972000,60000,0,847000,0,867000,0,198000,0,0,0,41.379833000000005,-72.107321
518,141060.0,518.0,Spelman C.,1929000,111000,0,681000,59000,170000,207000,4000,0,59000,638000,33.745279000000004,-84.411527
519,162007.0,519.0,Bowie State U.,1927000,1168000,0,318000,0,21000,0,0,0,0,420000,39.018185,-76.759721
520,187444.0,520.0,William Paterson U.,1919000,16000,108000,382000,20000,34000,104000,139000,0,0,1116000,40.946256,-74.199465
521,170675.0,521.0,Lawrence Technological U.,1907000,0,0,43000,0,28000,0,0,0,1378000,458000,42.474072,-83.25003000000001
522,161086.0,522.0,Colby C.,1903000,27000,50000,898000,16000,463000,46000,139000,0,0,264000,44.564211,-69.66337
523,161299.0,523.0,Maine Maritime Academy,1902000,0,0,0,0,0,0,0,0,1902000,0,44.389654,-68.804347
524,198507.0,524.0,Elizabeth City State U.,1889000,85000,128000,8000,629000,817000,0,3000,0,0,219000,36.277978000000004,-76.21404100000001
525,218070.0,525.0,Furman U.,1869000,6000,161000,309000,14000,1211000,118000,45000,0,0,5000,34.924676,-82.440458
526,181215.0,526.0,"U. Nebraska, Kearney",1864000,3000,0,1088000,109000,327000,26000,29000,6000,0,276000,40.701287,-99.09807
527,157447.0,527.0,Northern Kentucky U.,1846000,8000,0,618000,0,598000,354000,72000,0,0,196000,39.029714,-84.463483
528,451671.0,528.0,"U. South Florida, Sarasota-Manatee",1827000,0,0,109000,0,0,101000,108000,0,0,1509000,27.391766,-82.562951
529,219602.0,529.0,Austin Peay State U.,1823000,0,0,434000,0,122000,0,0,0,0,1267000,36.533319,-87.35408100000001
530,230959.0,530.0,Middlebury C.,1822000,62000,159000,780000,0,418000,240000,163000,0,0,0,44.009117,-73.176068
531,440031.0,531.0,Keck Graduate Institute,1814000,0,0,1799000,0,0,0,0,0,0,15000,34.093329000000004,-117.72351
532,169080.0,532.0,Calvin C.,1809000,17000,5000,586000,66000,367000,5000,223000,0,62000,478000,42.929916,-85.587548
533,102632.0,533.0,"U. Alaska, Southeast",1808000,0,195000,249000,0,20000,0,0,1123000,138000,83000,58.384846,-134.63825500000002
534,129525.0,534.0,U. Hartford,1803000,78000,22000,215000,31000,0,0,1000,0,1131000,325000,41.796485000000004,-72.714965
535,188526.0,535.0,Albany C. of Pharmacy and Health Sciences,1789000,0,0,1759000,0,0,0,30000,0,0,0,42.652559000000004,-73.778132
536,225432.0,536.0,U. Houston-Downtown,1784000,58000,9000,87000,134000,44000,12000,12000,415000,47000,966000,29.763831,-95.35953
537,160977.0,537.0,Bates C.,1781000,0,206000,947000,89000,393000,27000,68000,0,0,51000,44.105299,-70.203333
538,218724.0,538.0,Coastal Carolina U.,1779000,0,1460000,0,125000,0,0,0,0,0,194000,33.794995,-79.011767
539,126678.0,539.0,Colorado C.,1775000,0,52000,408000,83000,227000,0,233000,0,0,772000,38.84886,-104.822697
540,217873.0,540.0,Claflin U.,1772000,375000,97000,565000,54000,656000,0,1000,0,0,24000,33.498444,-80.854319
541,151324.0,541.0,Indiana State U.,1763000,0,123000,953000,0,312000,0,5000,0,94000,276000,39.46873,-87.40708500000001
542,441982.0,542.0,Franklin W. Olin C. of Engineering,1762000,51000,0,0,5000,0,0,0,0,1706000,0,42.292842,-71.264047
543,196167.0,543.0,"SUNY, Geneseo",1750000,0,411000,179000,14000,839000,68000,83000,0,0,156000,42.796864,-77.821999
544,195474.0,544.0,Siena C.,1721000,385000,8000,321000,236000,630000,3000,11000,18000,0,109000,42.717602,-73.7526
545,148654.0,545.0,"U. Illinois, Springfield",1683000,0,0,46000,0,74000,5000,1168000,0,0,390000,39.729862000000004,-89.614917
546,190035.0,546.0,"CUNY, system office",1655000,739000,0,81000,0,0,0,0,0,0,835000,40.750845,-73.973639
547,217721.0,547.0,Benedict C.,1653000,216000,359000,170000,112000,372000,0,0,0,424000,0,34.011285,-81.021412
548,213987.0,548.0,Mercyhurst U.,1647000,0,60000,64000,0,27000,0,95000,61000,0,1340000,42.103991,-80.05556800000001
549,201690.0,549.0,Central State U.,1643000,308000,110000,541000,0,27000,44000,0,94000,519000,0,39.716465,-83.876795
550,214564.0,550.0,Salus U.,1641000,0,0,1641000,0,0,0,0,0,0,0,40.085816,-75.128089
551,,551.0,Fuller Theological Seminary,1634000,0,0,0,0,0,1634000,0,0,0,0,,
552,160010.0,552.0,Northwestern State U. Louisiana,1628000,445000,0,85000,13000,0,1000,629000,0,29000,426000,32.586037000000005,-93.26302
553,231059.0,553.0,Saint Michael's C.,1624000,27000,0,1448000,69000,70000,4000,0,0,0,6000,44.494558000000005,-73.167069
554,186283.0,554.0,Rider U.,1617000,0,177000,241000,28000,78000,0,111000,0,0,982000,40.278796,-74.73783300000001
555,174844.0,555.0,St. Olaf C.,1605000,52000,21000,523000,378000,256000,47000,109000,0,3000,216000,44.462884,-93.183633
556,240277.0,556.0,U. Wisconsin-Green Bay,1599000,42000,88000,402000,28000,98000,29000,63000,0,696000,153000,44.532298000000004,-87.919973
557,130590.0,557.0,"Trinity C., Hartford",1598000,257000,0,586000,38000,102000,21000,171000,0,42000,381000,41.746746,-72.68868400000001
558,225414.0,558.0,U. Houston-Clear Lake,1578000,64000,0,129000,56000,555000,197000,66000,0,0,511000,29.582523000000002,-95.098129
559,159009.0,559.0,Grambling State U.,1570000,0,0,160000,311000,983000,0,0,0,0,116000,32.522702,-92.71736700000001
560,173902.0,560.0,Macalester C.,1562000,52000,432000,328000,1000,373000,28000,175000,0,0,173000,44.936709,-93.169855
561,229018.0,561.0,"U. Texas, Permian Basin",1561000,0,622000,29000,0,23000,0,0,160000,246000,481000,31.889509,-102.32963400000001
562,153269.0,562.0,Drake U.,1558000,0,101000,442000,228000,228000,122000,26000,0,0,411000,41.60129,-93.652163
563,213385.0,563.0,Lafayette C.,1553000,139000,41000,73000,47000,134000,16000,8000,0,501000,594000,40.69956,-75.20978600000001
564,198385.0,564.0,Davidson C.,1521000,0,0,642000,124000,122000,374000,201000,0,0,58000,35.500006,-80.845236
565,154174.0,565.0,"Palmer C. of Chiropractic, Davenport",1510000,0,0,1485000,0,0,0,0,25000,0,0,41.529021,-90.574607
566,193973.0,566.0,Niagara U.,1505000,0,0,53000,17000,44000,3000,263000,0,0,1125000,43.137279,-79.03668900000001
567,138716.0,567.0,Albany State U.,1496000,0,49000,914000,0,358000,3000,0,0,0,172000,31.569280000000003,-84.141825
568,197133.0,568.0,Vassar C.,1495000,208000,0,0,864000,316000,0,29000,0,0,78000,41.685105,-73.894345
569,123943.0,569.0,Marshall B. Ketchum U.,1491000,0,0,1491000,0,0,0,0,0,0,0,33.889819,-117.88615800000001
570,156620.0,570.0,Eastern Kentucky U.,1486000,0,6000,1047000,1000,237000,34000,3000,10000,2000,146000,37.740396000000004,-84.301356
571,151324.0,571.0,"Indiana U., South Bend",1474000,7000,1000,112000,1000,375000,472000,12000,405000,0,89000,39.46873,-87.40708500000001
572,,572.0,"Saint John's U., Collegeville",1459000,62000,61000,143000,20000,281000,77000,265000,0,0,550000,,
573,218645.0,573.0,"U. South Carolina, Aiken",1445000,0,0,176000,0,435000,0,0,834000,0,0,33.572917000000004,-81.76790100000001
574,192457.0,574.0,Long Island U.,1420000,0,0,460000,53000,83000,9000,6000,0,0,809000,40.820345,-73.596728
575,243160.0,575.0,"U. Puerto Rico, Cayey",1415000,0,0,134000,0,36000,0,0,1245000,0,0,18.389590000000002,-66.056329
576,154156.0,576.0,Des Moines U.,1401000,0,190000,996000,0,0,0,20000,0,0,195000,41.583325,-93.661686
577,441937.0,577.0,"California State U., Channel Islands",1383000,25000,0,946000,209000,66000,10000,14000,12000,0,101000,34.162949000000005,-119.04356000000001
578,168005.0,578.0,Suffolk U.,1375000,40000,0,50000,0,67000,61000,356000,0,80000,721000,42.358944,-71.061788
579,152266.0,579.0,"Purdue U., North Central",1366000,11000,0,52000,1000,0,0,3000,0,0,1299000,41.583788,-86.89523
580,102669.0,580.0,Alaska Pacific U.,1358000,0,929000,80000,0,0,0,0,0,0,349000,61.191235,-149.80424200000002
581,199999.0,581.0,Winston-Salem State U.,1356000,0,0,595000,0,474000,0,0,0,0,287000,36.089197,-80.224905
582,183080.0,582.0,Plymouth State U.,1340000,0,813000,374000,0,95000,0,49000,0,0,9000,43.757386000000004,-71.691164
583,196121.0,583.0,"SUNY, C. Brockport",1335000,0,132000,1050000,9000,88000,12000,40000,0,0,4000,43.211926,-77.947188
584,212009.0,584.0,Dickinson C.,1332000,0,444000,112000,0,66000,28000,61000,0,0,621000,40.202796,-77.197854
585,195526.0,585.0,Skidmore C.,1327000,24000,115000,655000,0,225000,85000,104000,0,0,119000,43.097035,-73.785335
586,128771.0,586.0,Central Connecticut State U.,1322000,23000,51000,79000,321000,42000,6000,553000,0,123000,124000,41.690258,-72.770094
587,174747.0,587.0,C. of Saint Benedict,1305000,105000,69000,162000,23000,320000,87000,88000,0,0,451000,45.561792000000004,-94.319888
588,204501.0,587.0,Oberlin C.,1305000,30000,219000,196000,44000,551000,150000,33000,0,0,82000,41.294740000000004,-82.22178600000001
589,200004.0,587.0,Western Carolina U.,1305000,0,503000,600000,8000,174000,0,4000,0,16000,0,35.308979,-83.18625800000001
590,168254.0,590.0,Western New England U.,1291000,35000,0,499000,63000,0,3000,0,0,654000,37000,42.115837,-72.518789
591,203085.0,591.0,Heidelberg U.,1286000,0,0,1230000,0,56000,0,0,0,0,0,41.114337,-83.16658100000001
592,174914.0,592.0,U. of St. Thomas (MN),1266000,0,31000,270000,68000,363000,3000,0,0,174000,357000,44.941662,-93.18942200000001
593,159717.0,593.0,McNeese State U.,1265000,0,0,321000,30000,41000,77000,113000,0,179000,504000,30.180762,-93.215648
594,117627.0,594.0,La Sierra U.,1255000,0,0,277000,0,130000,64000,0,0,0,784000,33.910704,-117.500054
595,230995.0,595.0,Norwich U.,1249000,12000,110000,581000,64000,22000,20000,50000,0,136000,254000,44.139402000000004,-72.660129
596,110495.0,596.0,"California State U., Stanislaus",1248000,0,0,986000,0,0,16000,91000,15000,0,140000,37.52577,-120.852511
597,213020.0,597.0,Indiana U. Pennsylvania,1241000,68000,67000,268000,6000,64000,23000,132000,0,0,613000,40.615589,-79.159869
598,240268.0,598.0,U. Wisconsin-Eau Claire,1238000,0,90000,75000,50000,685000,105000,156000,9000,0,68000,44.798431,-91.500432
599,129215.0,599.0,Eastern Connecticut State U.,1209000,3000,64000,76000,4000,4000,213000,9000,91000,0,745000,41.721673,-72.218753
600,243346.0,600.0,U. del Este,1207000,0,0,903000,0,0,50000,243000,0,0,11000,18.414805,-65.983869
601,217402.0,601.0,Providence C.,1196000,0,4000,733000,0,100000,290000,0,0,24000,45000,41.842742,-71.43744600000001
602,172051.0,602.0,Saginaw Valley State U.,1190000,4000,149000,163000,6000,39000,34000,87000,32000,290000,386000,43.51176,-83.964273
603,173045.0,603.0,Augsburg C.,1189000,0,0,33000,2000,611000,28000,0,0,0,515000,44.965636,-93.24141800000001
604,196042.0,604.0,"SUNY, Farmingdale State C.",1175000,0,0,150000,0,0,0,74000,0,346000,605000,40.754224,-73.42832
605,231712.0,605.0,Christopher Newport U.,1172000,0,30000,596000,0,358000,0,52000,0,0,136000,37.062495,-76.494364
606,180647.0,606.0,Salish Kootenai C.,1142000,0,0,171000,0,561000,0,0,0,0,410000,47.598592000000004,-114.111635
607,213367.0,607.0,La Salle U.,1141000,0,0,90000,108000,100000,98000,64000,65000,0,616000,40.037979,-75.15306100000001
608,171456.0,608.0,Northern Michigan U.,1118000,0,137000,323000,0,53000,74000,40000,0,0,491000,46.558037,-87.403857
609,165662.0,609.0,Emerson C.,1114000,0,18000,334000,0,0,0,6000,0,0,756000,42.352202,-71.06538400000001
610,187897.0,610.0,New Mexico Highlands U.,1111000,0,0,254000,0,857000,0,0,0,0,0,35.596233,-105.21919700000001
611,217493.0,611.0,Rhode Island School of Design,1071000,18000,322000,9000,0,0,0,2000,0,3000,717000,41.825935,-71.407692
612,,612.0,U. Houston system administration,1070000,0,0,0,0,0,0,0,1070000,0,0,,
613,170639.0,613.0,Lake Superior State U.,1039000,0,88000,734000,6000,19000,0,0,0,144000,48000,46.491736,-84.3655
614,174251.0,614.0,"U. Minnesota, Morris",1029000,0,271000,195000,14000,25000,33000,86000,0,0,405000,45.589829,-95.901756
615,196246.0,615.0,"SUNY, C. Plattsburgh",1020000,0,622000,56000,0,342000,0,0,0,0,0,44.692930000000004,-73.466536
616,236577.0,616.0,Seattle Pacific U.,1016000,3000,0,36000,0,49000,131000,0,0,9000,788000,47.649338,-122.36292300000001
617,210669.0,617.0,Allegheny C.,1014000,0,61000,17000,0,285000,0,0,190000,0,461000,41.648068,-80.146922
618,110097.0,618.0,Biola U.,1000000,31000,0,648000,9000,71000,14000,30000,0,144000,53000,33.904823,-118.01734200000001
619,164368.0,618.0,Hult International Business School,1000000,0,0,0,0,0,0,0,0,0,1000000,42.369968,-71.070645
620,167093.0,620.0,New England C. of Optometry,980000,0,0,980000,0,0,0,0,0,0,0,42.351656,-71.086521
621,101912.0,621.0,Oakwood U.,966000,0,0,289000,149000,430000,0,0,0,0,98000,34.756344,-86.652705
622,235316.0,622.0,Gonzaga U.,959000,4000,0,442000,0,249000,0,0,0,227000,37000,47.668144000000005,-117.403062
623,144005.0,623.0,Chicago State U.,910000,0,0,910000,0,0,0,0,0,0,0,41.718813000000004,-87.610344
624,185262.0,624.0,Kean U.,908000,81000,0,269000,0,45000,5000,0,0,0,508000,40.679429,-74.234668
625,185572.0,625.0,Monmouth U.,900000,0,821000,79000,0,0,0,0,0,0,0,40.280066,-74.00644700000001
626,110574.0,626.0,"California State U., East Bay",837000,0,144000,328000,0,200000,0,165000,0,0,0,37.657070000000004,-122.05807300000001
627,,627.0,Bastyr U.,832000,0,0,810000,0,0,0,22000,0,0,0,,
628,186876.0,628.0,Stockton U.,807000,0,701000,42000,0,9000,0,7000,0,0,48000,39.492036,-74.531087
629,240736.0,629.0,American Samoa Community C.,793000,0,0,793000,0,0,0,0,0,0,0,-14.322636000000001,-170.742774
630,238078.0,630.0,Wheeling Jesuit U.,776000,0,0,69000,0,0,0,0,0,0,707000,40.070873,-80.690804
631,137847.0,631.0,U. Tampa,760000,0,164000,0,0,0,0,18000,0,184000,394000,27.947225,-82.465582
632,195164.0,632.0,St. Bonaventure U.,731000,26000,0,95000,4000,57000,0,6000,0,0,543000,42.080191,-78.48110700000001
633,221519.0,633.0,Sewanee: U. of the South,701000,0,99000,180000,0,67000,119000,121000,0,0,115000,35.20443,-85.917772
634,123572.0,634.0,Sonoma State U.,693000,68000,207000,240000,0,37000,0,16000,0,4000,121000,38.341023,-122.67326100000001
635,159966.0,635.0,Nicholls State U.,665000,0,231000,398000,0,1000,0,29000,0,0,6000,29.794486000000003,-90.80157100000001
636,210438.0,636.0,U. Western States,644000,0,0,644000,0,0,0,0,0,0,0,45.543172,-122.52698900000001
637,150455.0,637.0,Earlham C.,554000,47000,0,100000,0,145000,7000,17000,0,0,238000,39.822278000000004,-84.91146400000001
638,199643.0,638.0,Shaw U.,514000,14000,0,500000,0,0,0,0,0,0,0,35.771181,-78.637693
639,187648.0,639.0,"Eastern New Mexico U., Portales",490000,3000,0,358000,0,100000,3000,21000,0,0,5000,34.175592,-103.34819
640,179812.0,640.0,Kansas City U. of Medicine and Biosciences,454000,0,0,454000,0,0,0,0,0,0,0,39.107553,-94.561374
