UNITID,Rank,Institution,TOTAL_Federal,DOD,DOE,HHS,NASA,NSF,USDA,Other,STATE,LAT,LON
162928,1,Johns Hopkins U.b,"2,104,653",1037685,9125,618525,252470,37379,537,148932,MD,39.33,-76.62
236948,2,"U. Washington, Seattle","946,787",85472,30932,612050,16815,113679,15404,72435,WA,47.66,-122.31
170976,3,"U. Michigan, Ann Arbor","786,749",79997,40522,493159,51541,83587,2589,35354,MI,42.28,-83.74
243744,4,Stanford U.,"694,693",82737,26299,468993,18112,83761,201,14590,CA,37.43,-122.16
215062,5,U. Pennsylvania,"655,791",55334,10187,529947,3823,40912,834,14754,PA,39.95,-75.19
199120,6,"U. North Carolina, Chapel Hill","632,426",14909,7977,477749,1031,39362,1443,89955,NC,35.91,-79.05
110680,7,"U. California, San Diego","604,298",77522,19793,380903,8555,84550,326,32649,CA,32.88,-117.24
110699,8,"U. California, San Francisco","602,705",21949,300,523341,859,4900,0,51356,CA,37.76,-122.46
190150,9,Columbia U. in the City of New York,"600,457",35113,12518,414592,20798,97190,756,19490,NY,40.81,-73.96
215293,10,"U. Pittsburgh, Pittsburgh","580,650",42008,7837,492151,976,24918,84,12676,PA,40.44,-79.95
198419,11,Duke U.,"575,521",57998,12282,444094,3404,38832,1057,17854,NC,36,-78.94
139755,12,Georgia Institute of Technology,"568,430",396202,29364,35139,13881,70832,1399,21613,GA,33.77,-84.39
240444,13,U. Wisconsin-Madison,"567,132",26141,65226,298817,12000,89389,28778,46781,WI,43.07,-89.41
166027,14,Harvard U.,"558,611",53126,17971,409336,8987,54074,246,14871,MA,42.37,-71.12
214777,15,"Pennsylvania State U., University Park and Hershey Medical Center","538,938",215261,33909,134205,13632,67271,28893,45767,PA,40.8,-77.86
166683,16,Massachusetts Institute of Technology,"503,858",135565,85024,115623,51471,97033,0,19142,MA,42.36,-71.09
130794,17,Yale U.,"503,221",21421,11553,422522,3829,37180,1970,4746,CT,41.31,-72.93
110592,18,"U. California, Los Angeles","487,869",38600,21870,336790,19525,63344,309,7431,CA,34.07,-118.17
110592,352,"California State U., Los Angeles","3,804",584,195,865,1053,681,0,426,CA,34.07,-118.17
174066,19,"U. Minnesota, Twin Cities","469,260",20952,19783,301157,9480,73547,25678,18663,MN,44.98,-93.24
204857,20,Ohio State U.,"454,834",31672,19105,239212,7329,53077,31461,72978,OH,39.33,-82.1
204857,235,Ohio U.,"14,678",1114,2195,3633,587,2892,215,4042,OH,39.33,-82.1
179867,21,"Washington U., Saint Louis","442,335",10334,11158,391529,7646,18016,308,3344,MO,38.65,-90.31
147767,22,Northwestern U.,"432,413",38566,21294,305371,3440,48927,37,14778,IL,42.05,-87.68
190415,23,Cornell U.,"430,987",30988,18611,209885,9722,109545,37952,14284,NY,42.45,-76.48
123961,24,U. Southern California,"409,516",74345,8168,254261,4696,42954,601,24491,CA,34.02,-118.28
221999,25,Vanderbilt U.,"405,589",29424,10182,325965,1026,20569,331,18092,TN,36.15,-86.8
126614,26,U. Colorado Boulder,"371,995",30380,24057,47855,102176,79795,1230,86502,CO,40.01,-105.27
163286,27,"U. Maryland, College Park","369,285",82419,18429,48566,55402,57157,27938,79374,MD,38.99,-76.94
139658,28,Emory U.,"361,288",8903,1063,328754,1766,12978,438,7386,GA,33.79,-84.33
228778,29,"U. Texas, Austin","357,309",134638,41287,68312,12340,78961,400,21371,TX,30.29,-97.74
193900,30,New York U.,"350,355",11576,4522,290768,715,31908,885,9981,NY,40.73,-74
100663,31,"U. Alabama, Birmingham","348,632",20177,7256,299666,10812,5665,44,5012,AL,33.51,-86.8
100663,128,"U. Alabama, Huntsville","69,824",42163,365,123,19653,4043,506,2971,AL,33.51,-86.8
193405,32,Icahn School of Medicine at Mt. Sinai,"342,104",5527,0,335260,176,725,0,416,NY,40.79,-73.95
110635,33,"U. California, Berkeley","341,807",35827,28357,117874,56480,75232,4474,23563,CA,37.87,-122.26
110644,34,"U. California, Davis","339,209",17929,13557,179504,3742,45289,32771,46417,CA,38.54,-121.75
145637,35,"U. Illinois, Urbana-Champaign","335,056",42948,43031,61055,8244,127024,19843,32911,IL,40.11,-88.23
186380,36,"Rutgers, State U. New Jersey, New Brunswick","321,432",15288,9085,187928,1640,53625,14938,38928,NJ,40.5,-74.45
201645,37,Case Western Reserve U.,"321,214",13906,4608,285004,3045,13619,84,948,OH,41.5,-81.61
171100,38,Michigan State U.,"310,225",9550,100039,56359,2798,72873,34709,33897,MI,42.73,-84.48
134130,39,U. Florida,"307,140",27814,13199,161207,5078,44700,33270,21872,FL,29.65,-82.35
126562,40,U. Colorado Denver and Anschutz Medical Campus,"298,960",7892,0,271914,0,4390,41,14723,CO,39.75,-104.84
144050,41,U. Chicago,"297,953",18668,9885,209237,4788,50276,135,4964,IL,41.79,-87.6
459949,42,"Texas A&M U., College Station and Health Science Center","293,551",17103,28326,59456,9081,100344,28784,50457,TX,29.3,-98.52
223232,43,Baylor C. of Medicine,"267,849",10196,0,217583,19479,3074,16588,929,TX,31.55,-97.12
223232,343,Baylor U.,"4,244",463,535,1156,75,1698,154,163,TX,31.55,-97.12
195030,44,U. Rochester,"266,322",6326,69787,172093,1891,15613,11,601,NY,43.13,-77.63
110404,45,California Institute of Technology,"265,206",28592,24947,63384,52639,89490,139,6015,CA,34.14,-118.13
104179,46,U. Arizona,"262,989",20650,10170,96847,49315,54999,11009,19999,AZ,32.23,-110.95
164988,47,Boston U.,"253,475",19480,6160,189425,6064,25229,167,6950,MA,42.35,-71.1
153658,49,U. Iowa,"237,743",10702,2833,187346,10465,13032,993,12372,IA,41.66,-91.54
230764,50,U. Utah,"233,652",18295,18945,150814,2843,37051,606,5098,UT,40.76,-111.85
209490,51,Oregon Health and Science U.,"232,688",8128,214,216151,1430,5214,341,1210,OR,45.5,-122.69
126818,52,"Colorado State U., Fort Collins","232,108",60101,11379,37283,8700,32927,35158,46560,CO,40.57,-105.08
201885,53,U. Cincinnati,"231,817",6834,1546,207016,702,10920,51,4748,OH,39.13,-84.51
243780,54,"Purdue U., West Lafayette","229,093",34541,21888,42143,6861,65203,30734,27723,IN,40.43,-86.91
137351,55,"U. South Florida, Tampa","228,365",5242,1866,149677,3386,13771,711,53712,FL,28.06,-82.41
151351,56,"Indiana U., Bloomington","221,801",14792,7718,158085,1619,31418,320,7849,IN,39.17,-86.53
448886,57,Arizona State U.,"212,396",32184,17326,56774,27141,58610,1132,19229,AZ,33.45,-112.07
234076,58,"U. Virginia, Charlottesville","210,980",24592,6984,133736,3056,21278,46,21288,VA,38.04,-78.5
163259,59,"U. Maryland, Baltimore","205,988",18509,18,183391,697,1320,245,1808,MD,39.29,-76.62
199193,60,North Carolina State U.,"202,336",28180,29032,25476,3232,53595,34727,28094,NC,35.79,-78.67
233921,61,Virginia Polytechnic Institute and State U.,"195,859",42177,13976,36715,3860,37153,23430,38548,VA,37.23,-80.42
135726,62,U. Miami,"195,328",18718,756,131281,6080,14083,461,23949,FL,25.72,-80.28
211440,63,Carnegie Mellon U.,"190,620",52563,11313,28864,3573,73066,352,20889,PA,40.44,-79.94
141574,64,"U. Hawaii, Manoa","190,336",48656,6758,47207,13422,29417,14560,30316,HI,21.3,-157.82
145600,66,"U. Illinois, Chicago","187,990",6642,4294,141112,407,20348,752,14435,IL,41.87,-87.65
228635,67,U. Texas Southwestern Medical Center,"185,263",4033,2,174406,4094,1349,0,1379,TX,32.81,-96.84
196088,68,"SUNY, U. Buffalo",182883,25289,2399,115701,2642,25976,998,9878,NY,43,-78.79
166708,69,"U. Massachusetts, Medical School","181,446",6387,0,172140,0,1040,32,1847,MA,42.28,-71.76
110653,70,"U. California, Irvine","177,779",13961,9013,104344,5946,36213,31,8271,CA,33.65,-117.84
186131,73,Princeton U.,"162,003",26103,14029,45895,6960,57197,240,11579,NJ,40.35,-74.66
187985,74,U. New Mexico,"159,280",18439,8730,88071,2818,28412,784,12026,NM,35.08,-106.62
209542,75,Oregon State U.,"158,142",12124,15312,17586,8433,46681,32515,25491,OR,44.56,-123.27
416801,76,U. Texas M. D. Anderson Cancer Center,"155,044",3745,0,150280,237,607,0,175,TX,29.71,-95.4
157085,77,U. Kentucky,"154,559",3352,7767,100626,2101,15972,14578,10163,KY,38.04,-84.5
129020,78,U. Connecticut,"146,390",9547,5245,86255,1889,19595,6347,17512,CT,41.81,-72.25
139959,79,U. Georgia,"143,886",4838,11902,59303,1884,27402,23685,14872,GA,33.96,-83.37
234030,80,Virginia Commonwealth U.,"143,701",12501,1415,105964,238,5490,420,17673,VA,37.55,-77.45
131469,81,George Washington U.,"142,889",6087,2393,110100,979,12483,489,10358,DC,38.9,-77.05
199847,82,Wake Forest U.,"141,052",23981,364,112209,516,2423,120,1439,NC,36.13,-80.28
216339,83,Temple U.,"140,775",8439,5443,105638,283,13692,1355,5925,PA,39.98,-75.16
155317,84,U. Kansas,"140,002",6958,4760,88324,3426,19904,1373,15257,KS,38.96,-95.25
182670,85,Dartmouth C.,"139,090",8203,3367,104147,4076,16784,505,2008,NH,43.7,-72.29
217156,86,Brown U.,"136,931",12801,8666,78408,4504,28618,35,3899,RI,41.83,-71.4
236939,87,Washington State U.,"136,646",7539,17207,26129,596,17893,42813,24469,WA,46.73,-117.16
207500,88,"U. Oklahoma, Norman and Health Science Center","134,772",6180,8400,64990,3764,13882,850,36706,OK,35.21,-97.45
134079,89,Florida State U.,"126,289",12506,7184,21371,2549,51255,516,30908,FL,28.03,-81.95
168148,90,Tufts U.,"126,109",12641,1324,63460,773,14671,14313,18927,MA,42.41,-71.12
230728,91,Utah State U.,"125,661",60221,4097,6033,13675,12174,13979,15482,UT,41.74,-111.81
153603,92,Iowa State U.,"125,397",9126,7407,14218,1315,37161,38507,17663,IA,42.03,-93.65
218335,93,Medical U. South Carolina,"124,212",4981,2213,111030,159,993,0,4836,SC,32.79,-79.95
229300,94,"U. Texas Health Science Center, Houston","121,098",3294,0,108980,232,586,261,7745,TX,29.7,-95.4
196097,95,"SUNY, Stony Brook U.","118,549",5762,15336,60070,4824,26546,248,5763,NY,40.91,-73.12
110705,96,"U. California, Santa Barbara","116,775",31346,9058,17374,4016,44450,0,10531,CA,34.42,-119.85
130943,97,U. Delaware,"113,217",17661,8206,30979,3504,26118,8729,18020,DE,39.68,-75.75
172644,98,Wayne State U.,"111,532",5287,3045,90109,162,8164,83,4682,MI,42.36,-83.07
221759,99,"U. Tennessee, Knoxville","109,722",10417,44048,6267,2173,34075,1677,11065,TN,35.95,-83.93
221759,220,"U. Tennessee, Knoxville, Institute of Agriculture","18,598",398,2283,2148,0,446,10722,2601,TN,35.95,-83.93
178396,100,"U. Missouri, Columbia","108,674",8219,3981,47576,563,20328,18902,9105,MO,38.94,-92.33
239080,101,Medical C. Wisconsin,"108,529",5390,9,99737,659,90,0,2644,WI,43.78,-88.42
166629,102,"U. Massachusetts, Amherst","106,269",11783,5232,24453,3239,38020,8948,14594,MA,42.39,-72.53
202480,103,U. Dayton,"100,955",76886,1553,82,678,961,0,20795,OH,39.74,-84.18
228653,104,U. Texas Medical Branch,"100,464",5157,168,91652,1803,663,100,921,TX,29.31,-94.78
181464,105,"U. Nebraska, Lincoln","95,426",7976,4769,16283,2205,28127,21914,14152,NE,40.82,-96.7
110714,106,"U. California, Santa Cruz","95,294",1765,2859,30443,35274,15220,1107,8626,CA,37,-122.06
218663,107,"U. South Carolina, Columbia","93,885",4923,8424,54616,1807,14834,813,8468,SC,34,-81.03
183044,108,U. New Hampshire,"93,599",2688,1789,13469,18790,20923,11005,24935,NH,43.13,-70.93
102614,109,"U. Alaska, Fairbanks","89,940",6907,1383,7985,17801,27879,3037,24948,AK,64.86,-147.82
228644,110,"U. Texas Health Science Center, San Antonio","89,742",9720,0,74307,29,732,0,4954,TX,29.5,-98.58
160755,111,Tulane U.,"89,087",2506,1616,74098,63,6359,21,4424,LA,29.94,-90.12
132903,112,U. Central Florida,"87,417",31751,5096,10613,15743,11720,849,11645,FL,28.6,-81.2
176080,113,Mississippi State U.,"87,277",13439,11646,6754,987,7178,27070,20203,MS,33.45,-88.79
152080,114,U. Notre Dame,"87,129",19713,13181,21089,1461,26711,567,4407,IN,41.7,-86.24
159391,115,"Louisiana State U., Baton Rouge","86,754",5943,5820,34864,2336,15768,10888,11135,LA,30.41,-91.18
131496,116,Georgetown U.,"83,827",10340,354,54539,1776,4640,29,12149,DC,38.91,-77.07
227757,117,Rice U.,"83,273",19327,7818,20700,3005,30104,319,2000,TX,29.72,-95.4
231174,118,U. Vermont,"83,124",2577,187,58885,1881,10821,6603,2170,VT,44.48,-73.2
167358,119,Northeastern U.,"81,124",13966,2420,30589,530,22160,50,11409,MA,42.34,-71.09
195049,120,Rockefeller U.,"80,667",6156,131,72325,0,1776,106,173,NY,40.76,-73.95
196060,121,"SUNY, U. Albany","77,734",1482,417,51087,456,5221,180,18891,NY,42.69,-73.83
196060,221,"SUNY, Binghamton U.","18,562",2600,4059,5855,3,4282,30,1733,NY,42.69,-73.83
181428,122,"U. Nebraska, Medical Center","76,221",5037,0,69641,254,644,75,570,NE,41.26,-95.97
133951,123,Florida International U.,"76,127",4328,5156,23260,547,16220,1323,25293,FL,25.76,-80.38
238032,124,West Virginia U.,"72,751",1460,14034,28035,4319,10691,8024,6188,WV,39.63,-79.95
157289,125,U. Louisville,"71,760",3902,38,59881,546,4455,313,2625,KY,38.22,-85.76
155399,126,Kansas State U.,"71,224",2865,7358,9991,350,13103,26065,11492,KS,39.19,-96.58
110671,127,"U. California, Riverside","70,489",7009,6832,18537,1920,23498,8265,4428,CA,33.98,-117.33
180461,129,"Montana State U., Bozeman","68,471",10698,7304,18910,5297,11912,6471,7879,MT,45.67,-111.05
185828,130,New Jersey Institute of Technology,"67,490",14921,890,8293,3226,6155,194,33811,NJ,40.74,-74.18
212054,131,Drexel U.,"67,020",8456,2214,37571,641,13838,543,3757,PA,39.95,-75.19
209551,132,U. Oregon,"66,850",1213,4964,33697,200,13211,378,13187,OR,44.05,-123.08
176017,133,U. Mississippi,"64,510",5175,1363,42124,1465,3396,8854,2133,MS,34.37,-89.54
240727,134,U. Wyoming,"63,951",602,4106,13422,2136,16075,11334,16276,WY,41.31,-105.58
225511,135,U. Houston,"62,703",4319,4335,25710,3987,16557,0,7795,TX,29.72,-95.34
188049,136,New Mexico State U.,"62,292",29063,5000,7210,3860,8146,6310,2703,NM,34.73,-106.71
217475,137,U. Rhode Island,"61,641",6172,965,15408,558,14392,6518,17628,RI,41.71,-71.48
217882,138,Clemson U.,"60,165",4125,5232,6752,965,14639,4231,24221,SC,34.68,-82.84
216366,139,Thomas Jefferson U.,"58,866",2100,0,56030,347,389,0,0,PA,39.95,-75.16
232186,140,George Mason U.,"58,864",17597,478,8866,6970,10264,426,14263,VA,38.83,-77.31
119678,141,Naval Postgraduate School,"56,045",52304,1210,0,143,2075,0,313,CA,36.6,-121.87
100858,142,"Auburn U., Auburn","54,751",5059,2246,10571,1275,8664,10513,16423,AL,32.6,-85.49
182290,143,"U. Nevada, Reno","53,371",1289,7427,20979,684,8729,4364,9899,NV,39.54,-119.82
139940,144,Georgia State U.,"52,351",2576,1191,34089,616,6058,260,7561,GA,33.75,-84.39
194824,145,Rensselaer Polytechnic Institute,"52,163",9129,6814,11954,994,19697,49,3526,NY,42.73,-73.68
142285,146,U. Idaho,"51,295",3523,3838,8316,2493,11802,15858,5465,ID,46.73,-117.02
163268,147,"U. Maryland, Baltimore County","50,984",7952,407,12811,19246,8524,458,1586,MD,39.26,-76.71
148511,149,Rush U.,"50,332",93,0,50001,0,69,0,169,IL,41.87,-87.67
482149,150,Augusta U.,"50,294",1051,0,48887,0,356,0,0,GA,33.47,-81.99
202134,151,Cleveland State U.,"49,925",2095,43,44897,546,1562,0,782,OH,41.5,-81.67
106263,152,U. Arkansas for Medical Sciences,"48,999",1064,0,46183,1095,147,0,510,AR,34.75,-92.32
165015,153,Brandeis U.,"48,273",829,1864,36382,0,6462,0,2736,MA,42.36,-71.25
128328,154,U.S. Air Force Academy,"46,958",44934,114,0,247,197,0,1466,CO,39.01,-104.89
122409,155,San Diego State U.,"44,495",3792,1060,27710,1523,8392,124,1894,CA,32.78,-117.07
207388,156,"Oklahoma State U., Stillwater","42,976",7754,2515,6214,441,9878,9307,6867,OK,36.12,-97.07
200280,157,U. North Dakota,"42,425",273,17433,11270,5242,3745,2164,2298,ND,47.92,-97.07
228796,158,"U. Texas, El Paso","42,423",4714,1304,14527,2669,10551,1936,6722,TX,31.77,-106.5
106360,159,"U. Arkansas, Fayetteville","40,642",1236,1725,2275,1006,11053,13187,10160,AR,35.38,-94.41
232982,160,Old Dominion U.,"39,743",5609,3767,5073,3141,6814,52,15287,VA,36.89,-76.31
180489,161,"U. Montana, Missoula","38,753",4843,124,12559,4225,7779,5743,3480,MT,46.86,-113.98
487010,162,"U. Tennessee, Health Science Center","38,374",2438,0,35884,0,18,6,28,TN,35.14,-90.03
190567,163,"CUNY, City C.","37,525",2104,1245,13814,2086,8394,59,9823,NY,40.82,-73.95
133650,164,Florida A&M U.,"37,363",1332,1945,7351,160,2439,7860,16276,FL,30.43,-84.29
196413,165,Syracuse U.,"36,106",4311,2433,7129,112,14424,497,7200,NY,43.04,-76.14
126775,166,Colorado School of Mines,"35,677",3585,16851,2283,1793,9292,36,1837,CO,39.75,-105.23
200332,167,North Dakota State U.,"35,590",981,1819,5417,61,7746,12776,6790,ND,46.89,-96.8
228787,168,"U. Texas, Dallas","35,451",8724,1410,10721,2523,10334,21,1718,TX,32.98,-96.75
161253,169,U. Maine,"34,277",586,2425,1212,2232,12820,9203,5799,ME,44.9,-68.67
231624,170,C. of William and Mary and Virginia Institute of Marine Science,"34,133",3315,1987,1596,564,7809,247,18615,VA,37.27,-76.71
131520,171,Howard U.,"33,441",2129,491,18435,54,7076,0,5256,DC,38.92,-77.02
243203,172,"U. Puerto Rico, Medical Sciences Campus","33,348",87,0,31682,0,1579,0,0,PR,18.4,-66.07
229115,173,Texas Tech U.,"32,405",5397,3676,3606,835,6538,2074,10279,TX,33.58,-101.87
209807,174,Portland State U.,"32,021",2397,1043,8106,895,7079,1106,11395,OR,45.51,-122.68
159373,175,"Louisiana State U., Health Sciences Center ? New Orleans","31,526",522,0,30447,0,314,0,243,LA,29.96,-90.08
122755,176,San Jose State U.,"31,318",341,70,698,20305,1842,72,7990,CA,37.34,-121.88
166638,177,"U. Massachusetts, Boston","30,608",789,22,9909,1567,6115,0,12206,MA,42.31,-71.04
197708,178,Yeshiva U.,"30,266",988,208,28482,0,420,13,155,NY,40.85,-73.93
206604,179,Wright State U.,"30,162",17039,298,8935,682,2584,63,561,OH,39.78,-84.06
171128,180,Michigan Technological U.,"29,774",11227,1285,1758,1520,9971,1649,2364,MI,47.12,-88.55
219356,181,South Dakota State U.,"29,633",201,2341,2098,3713,7576,9031,4673,SD,44.32,-96.78
186867,182,Stevens Institute of Technology,"28,999",13180,210,1217,309,7170,83,6830,NJ,40.74,-74.03
140562,183,Morehouse School of Medicine,"28,678",143,0,28330,74,8,0,123,GA,33.74,-84.41
230038,184,"Brigham Young U., Provo","28,453",4871,1517,5484,1998,10025,1380,3178,UT,40.25,-111.65
100751,185,"U. Alabama, Tuscaloosa","28,425",2954,2493,5317,1108,7130,396,9027,AL,33.21,-87.55
206084,186,U. Toledo,"27,802",1615,1821,12487,3496,5667,525,2191,OH,41.66,-83.61
166513,187,"U. Massachusetts, Lowell","27,694",7822,985,8120,1230,5941,40,3556,MA,42.65,-71.33
228909,188,"U. North Texas, Health Science Center","27,163",49,0,21265,0,157,0,5692,TX,32.75,-97.37
164924,189,Boston C.,"27,033",2952,778,12833,220,6455,86,3709,MA,42.34,-71.17
179159,190,Saint Louis U.,"26,813",335,1,22382,240,1016,8,2831,MO,38.64,-90.23
228769,191,"U. Texas, Arlington","26,664",4246,1374,2541,1077,8187,108,9131,TX,32.73,-97.12
195003,192,Rochester Institute of Technology,"26,149",6555,575,2965,2232,10130,227,3465,NY,43.08,-77.67
168421,193,Worcester Polytechnic Institute,"25,976",9382,1312,3795,125,7804,49,3509,MA,42.28,-71.81
196255,194,"SUNY, Downstate Medical Center","25,941",928,0,24519,0,211,0,283,NY,40.66,-73.94
229027,195,"U. Texas, San Antonio","25,813",6316,440,11472,468,3767,338,3012,TX,29.58,-98.62
240453,196,U. Wisconsin-Milwaukee,"25,651",247,1457,9748,144,10833,345,2877,WI,43.08,-87.88
182281,197,"U. Nevada, Las Vegas","25,613",1554,6902,7881,1028,4393,200,3655,NV,36.11,-115.14
176372,198,U. Southern Mississippi,"25,482",7734,58,4260,1169,3191,1433,7637,MS,31.33,-89.33
200800,199,U. Akron,"25,433",13174,582,1826,879,6687,0,2285,OH,41.08,-81.51
146719,200,"Loyola U., Chicago","25,363",1053,132,21177,71,1466,130,1334,IL,42,-87.66
145725,201,Illinois Institute of Technology,"23,821",1989,5584,9278,474,4482,462,1552,IL,41.83,-87.63
105330,202,Northern Arizona U.,"23,442",3266,1102,4806,872,6048,3099,4249,AZ,35.19,-111.65
100654,203,Alabama A&M U.,"22,478",2910,1367,8771,660,4077,2047,2646,AL,34.78,-86.57
231970,204,Eastern Virginia Medical School,"21,459",181,0,7568,435,0,0,13275,VA,36.86,-76.3
213543,205,Lehigh U.,"21,429",4247,3344,4390,0,7798,0,1650,PA,40.61,-75.38
196112,206,"SUNY, Polytechnic Institute","21,380",9555,5363,2691,76,1679,0,2016,NY,43.14,-75.23
140447,207,Mercer U.,"21,120",19055,0,1869,40,0,0,156,GA,32.83,-83.65
199102,208,North Carolina Agricultural and Technical State U.,"21,112",3409,1476,973,551,7542,6538,623,NC,36.08,-79.77
228459,209,Texas State U.,"21,049",1283,318,3757,4279,2649,611,8152,TX,29.89,-97.94
243665,210,U. of the Virgin Islands,"20,951",0,0,2532,428,5048,3088,9855,VI,18.34,-64.97
175856,211,Jackson State U.,"20,854",3727,348,6951,107,6079,0,3642,MS,32.3,-90.21
199139,212,"U. North Carolina, Charlotte","20,269",4650,471,4260,156,6417,138,4177,NC,35.31,-80.73
190594,213,"CUNY, Hunter C.","20,037",276,374,17371,1,1809,24,182,NY,40.77,-73.96
151102,214,"Indiana U.-Purdue U., Indianapolis","19,954",676,460,12675,46,3917,124,2056,IN,41.12,-85.11
151102,451,"Indiana U.-Purdue U., Fort Wayne","1,541",24,0,452,30,142,102,791,IN,41.12,-85.11
131283,215,Catholic U. of America,"19,928",935,6925,2403,7523,1582,0,560,DC,38.94,-77
200697,216,Air Force Institute of Technology,"19,796",19383,13,0,11,48,0,341,OH,39.78,-84.09
196307,217,"SUNY, Upstate Medical U.","18,942",2832,0,15670,130,270,0,40,NY,43.04,-76.14
178411,219,Missouri U. of Science and Technology,"18,833",1759,4279,373,1651,6503,24,4244,MO,37.95,-91.78
220862,222,U. Memphis,"18,098",2550,200,7148,10,3895,201,4094,TN,35.12,-89.94
199148,223,"U. North Carolina, Greensboro","17,902",693,0,8688,0,1572,654,6295,NC,36.07,-79.81
102094,224,U. South Alabama,"17,628",1000,25,12406,49,3110,94,944,AL,30.7,-88.18
187967,225,New Mexico Institute of Mining and Technology,"17,017",2781,5711,2179,2050,3241,0,1055,NM,34.07,-106.91
142115,226,Boise State U.,"16,953",588,1745,3162,1049,6729,1080,2600,ID,43.6,-116.21
160658,227,"U. Louisiana, Lafayette","16,893",509,756,5674,206,2600,187,6961,LA,30.22,-92.02
227368,228,U. Texas Rio Grande Valley,"16,892",1613,0,8902,0,2640,1738,1999,TX,26.31,-98.17
117636,229,Loma Linda U.,"16,118",2764,0,11273,2081,0,0,0,CA,34.05,-117.26
140553,230,Morehouse C.,"15,957",779,293,1591,5,1328,42,11919,GA,33.75,-84.42
243221,231,"U. Puerto Rico, Rio Piedras","15,892",890,179,4876,1826,6931,244,946,PR,18.4,-66.05
228246,232,Southern Methodist U.,"15,587",4329,2526,1717,268,3692,34,3021,TX,32.85,-96.78
133669,233,Florida Atlantic U.,"15,356",1951,1014,5202,130,2956,0,4103,FL,26.37,-80.1
130934,234,Delaware State U.,"15,260",1043,451,3356,481,5397,3632,900,DE,39.19,-75.54
149222,236,"Southern Illinois U., Carbondale","14,574",2014,772,6374,37,2017,1097,2263,IL,37.71,-89.22
243197,237,"U. Puerto Rico, Mayaguez","14,446",1656,105,1678,223,3372,743,6669,PR,18.21,-67.14
163453,238,Morgan State U.,"14,343",2532,422,4597,4760,950,6,1076,MD,39.34,-76.58
190664,239,"CUNY, Queens C.","14,275",841,7975,3292,0,1956,1,210,NY,40.74,-73.82
232265,240,Hampton U.,"14,201",1139,1405,3504,4281,3872,0,0,VA,37.02,-76.34
426314,241,Embry-Riddle Aeronautical U.,"14,135",157,0,0,348,1103,0,12527,FL,29.19,-81.05
186399,243,"Rutgers, State U. New Jersey, Newark","13,737",771,98,7192,200,4785,34,657,NJ,40.74,-74.18
220792,244,Meharry Medical C.,"13,528",78,0,13435,0,0,0,15,TN,36.17,-86.81
197036,245,U.S. Military Academy,"13,500",13481,0,0,0,19,0,0,NY,41.39,-73.96
110608,246,"California State U., Northridge","13,442",1904,59,5421,291,4573,1,1193,CA,34.24,-118.53
178402,247,"U. Missouri, Kansas City","13,081",792,157,9886,530,1267,54,395,MO,39.04,-94.58
198464,248,East Carolina U.,"13,073",280,0,9954,244,1426,52,1117,NC,35.61,-77.37
122597,249,San Francisco State U.,"12,804",236,143,7212,464,2878,13,1858,CA,37.72,-122.48
227216,250,"U. North Texas, Denton","12,621",2478,1497,725,111,7061,116,633,TX,33.21,-97.15
221838,251,Tennessee State U.,"12,291",1112,521,901,15,1611,7413,718,TN,36.17,-86.83
172699,252,Western Michigan U. and Homer Stryker M.D. School of Medicine,"12,287",718,223,1526,228,4119,0,5473,MI,42.28,-85.62
445188,253,"U. California, Merced","12,206",770,875,3379,728,5419,366,669,CA,37.37,-120.42
111966,254,Charles R. Drew U. of Medicine and Science,"12,089",2345,0,9744,0,0,0,0,CA,33.93,-118.24
142276,256,Idaho State U.,"11,926",1499,3122,1994,488,3963,156,704,ID,42.86,-112.43
102553,257,"U. Alaska, Anchorage","11,867",38,0,2311,2,2467,157,6892,AK,61.19,-149.83
196468,258,"Columbia U., Teachers C.","11,635",241,0,1353,0,1583,0,8458,NY,40.81,-73.96
110422,259,"California Polytechnic State U., San Luis Obispo","11,276",2606,1508,2159,1099,2423,502,979,CA,35.3,-120.66
198543,260,Fayetteville State U.,"11,207",1004,0,818,0,829,58,8498,NC,35.07,-78.89
110583,261,"California State U., Long Beach","11,176",159,476,7211,508,1188,539,1095,CA,33.78,-118.11
127060,262,U. Denver,"11,029",132,537,4663,126,3608,0,1963,CO,39.68,-104.96
164155,263,U.S. Naval Academy,"11,016",10432,214,0,86,284,0,0,MD,38.98,-76.48
193830,264,New York Medical C.,"10,772",0,0,9781,377,0,0,614,NY,41.09,-73.81
188580,265,Albany Medical C.,"10,714",427,0,10165,0,0,0,122,NY,42.65,-73.77
181002,266,Creighton U.,"10,619",896,323,7999,152,857,53,339,NE,41.27,-95.95
160904,267,Xavier U. Louisiana,"10,503",436,130,8330,657,820,0,130,LA,29.96,-90.11
199157,268,North Carolina Central U.,"10,455",564,269,5316,407,2715,264,920,NC,35.97,-78.9
156125,269,Wichita State U.,"10,442",770,23,1138,1028,1016,1380,5087,KS,37.72,-97.3
102377,270,Tuskegee U.,"10,388",96,0,37,8,5663,4235,349,AL,32.43,-85.71
229337,271,"Texas Tech U., Health Sciences Center","10,384",667,0,8878,0,419,0,420,TX,33.59,-101.89
229337,371,"Texas Tech U., Health Sciences Center, El Paso","3,064",0,0,3063,0,1,0,0,TX,33.59,-101.89
219347,272,South Dakota School of Mines and Technology,"10,370",4157,1014,254,1713,2895,8,329,SD,44.08,-103.21
239105,273,Marquette U.,"10,298",481,0,6924,29,2648,18,198,WI,43.04,-87.93
203517,274,Kent State U.,"10,013",436,1046,2881,148,4026,353,1123,OH,41.15,-81.34
147703,275,Northern Illinois U.,"9,957",74,1649,1667,116,2703,265,3483,IL,41.93,-88.77
138354,276,U. West Florida,"9,841",729,72,453,2,169,0,8416,FL,30.55,-87.22
131159,277,American U.,"9,554",410,0,2713,732,1422,293,3984,DC,38.94,-77.09
220181,278,Fisk U.,"9,544",1454,780,982,0,3628,0,2700,TN,36.17,-86.81
133881,279,Florida Institute of Technology,"9,500",2936,479,217,1134,2435,0,2299,FL,28.06,-80.62
141565,280,"U. Hawaii, Hilo","9,402",445,269,4468,312,1150,493,2265,HI,19.7,-155.08
204015,281,Miami U.,"9,189",189,356,4488,6,2983,59,1108,OH,39.52,-84.36
204477,282,Northeast Ohio Medical U.,"9,181",18,0,8871,0,220,1,71,OH,41.1,-81.25
207209,283,Langston U.,"9,178",198,0,84,0,237,7770,889,OK,35.94,-97.26
237525,284,Marshall U.,"9,158",566,45,4358,400,1396,0,2393,WV,38.42,-82.43
219471,285,U. South Dakota,"8,832",18,179,6016,81,2181,0,357,SD,42.78,-96.92
224110,286,Texas A&M U.-Corpus Christi,"8,669",638,12,76,613,1674,53,5603,TX,33.62,-97.17
145558,287,Rosalind Franklin U. of Medicine and Science,"8,478",348,0,7877,0,253,0,0,IL,42.3,-87.86
112251,288,Claremont Graduate U.,"8,399",1092,124,5747,91,973,58,314,CA,34.1,-117.71
196103,289,"SUNY, C. of Environmental Science and Forestry","8,313",59,460,144,300,1050,2440,3860,NY,43.03,-76.14
174233,290,"U. Minnesota, Duluth","8,055",367,309,124,91,5146,173,1845,MN,46.82,-92.08
227526,291,Prairie View A&M U.,"7,952",1006,369,76,30,997,5474,0,TX,30.09,-95.99
163338,292,"U. Maryland, Eastern Shore","7,853",0,0,63,0,0,3837,3953,MD,38.21,-75.69
158802,293,Dillard U.,"7,605",333,0,6927,10,120,0,215,LA,30,-90.06
227845,294,St. Edward's U.,"7,500",0,0,300,450,2350,500,3900,TX,30.23,-97.76
228705,295,Texas A&M U.-Kingsville,"7,475",58,30,1026,0,358,2881,3122,TX,27.52,-97.88
136215,296,Nova Southeastern U.,"7,381",1911,39,2353,0,131,50,2897,FL,26.08,-80.24
232937,297,Norfolk State U.,"7,230",1711,3568,111,0,1798,0,42,VA,36.85,-76.26
181394,298,"U. Nebraska, Omaha","7,180",906,0,3766,802,768,0,938,NE,41.26,-96.01
243081,299,Ponce Health Sciences U.,"6,951",0,0,6951,0,0,0,0,PR,17.99,-66.62
159939,300,U. New Orleans,"6,826",1297,51,206,227,1833,17,3195,LA,30.03,-90.07
240754,301,U. Guam,"6,621",553,0,896,17,1411,2093,1651,GU,13.43,144.8
167987,302,"U. Massachusetts, Dartmouth","6,548",1447,67,287,329,2095,29,2294,MA,41.63,-71.01
435000,303,"Louisiana State U., Health Sciences Center - Shreveport","6,478",156,0,6031,0,137,154,0,LA,32.48,-93.76
207971,305,U. Tulsa,"6,426",948,1114,411,334,2216,13,1390,OK,36.15,-95.95
175342,306,Alcorn State U.,"6,387",391,0,389,10,166,5423,8,MS,31.88,-91.14
110510,307,"California State U., San Bernardino","6,348",182,0,2052,20,2248,663,1183,CA,34.18,-117.32
243568,308,U. Central del Caribe,"6,290",0,0,6290,0,0,0,0,PR,18.37,-66.15
201441,310,Bowling Green State U.,"6,229",617,137,2023,2,2962,100,388,OH,41.38,-83.64
171571,311,Oakland U.,"6,198",1132,138,3402,50,1285,14,177,MI,42.67,-83.22
190044,312,Clarkson U.,"6,183",1596,298,139,2,2142,261,1745,NY,44.66,-75
138947,313,Clark Atlanta U.,"6,048",246,526,3677,30,1511,58,0,GA,33.75,-84.41
190549,314,"CUNY, Brooklyn C.","5,995",0,266,4094,130,1032,36,437,NY,40.63,-73.95
191241,315,Fordham U.,"5,979",126,0,2954,0,1217,60,1622,NY,40.86,-73.88
199218,316,"U. North Carolina, Wilmington","5,966",971,92,731,52,1275,0,2845,NC,34.23,-77.88
212106,317,Duquesne U.,"5,809",39,24,3798,0,722,0,1226,PA,40.44,-79.99
220075,318,East Tennessee State U.,"5,658",76,0,4815,0,507,0,260,TN,36.3,-82.37
145813,319,Illinois State U.,"5,630",197,111,1350,63,1714,153,2042,IL,40.51,-88.99
110617,320,"California State U., Sacramento","5,619",47,16,668,0,540,132,4216,CA,38.56,-121.42
159647,321,Louisiana Tech U.,"5,455",567,273,617,445,1583,278,1692,LA,32.53,-92.65
169248,322,Central Michigan U.,"5,387",444,524,531,0,1481,47,2360,MI,43.59,-84.78
161457,323,U. New England,"5,298",0,0,3343,0,1310,55,590,ME,43.46,-70.39
366711,324,"California State U., San Marcos","5,273",135,0,2679,34,1261,63,1101,CA,33.13,-117.16
184782,325,Rowan U.,"5,252",88,0,3638,5,523,0,998,NJ,39.71,-75.12
234155,326,Virginia State U.,"5,204",0,0,260,32,1213,3621,78,VA,37.24,-77.42
168218,327,Wellesley C.,"5,197",0,27,1013,720,2572,0,865,MA,42.29,-71.31
157058,328,Kentucky State U.,"5,146",0,0,0,25,73,4878,170,KY,38.2,-84.86
178420,329,"U. Missouri, Saint Louis","4,959",909,191,1888,62,796,46,1067,MO,38.71,-90.31
177940,330,"Lincoln U., Jefferson City","4,953",0,0,0,0,711,4242,0,MO,38.56,-92.17
106245,331,"U. Arkansas, Little Rock","4,934",607,56,606,1037,1966,0,662,AR,34.73,-92.34
139719,332,Fort Valley State U.,"4,844",0,0,0,0,638,4206,0,GA,32.54,-83.9
106458,333,"Arkansas State U., Jonesboro","4,826",236,14,411,14,1861,1428,862,AR,35.84,-90.68
237011,334,Western Washington U.,"4,701",151,20,268,43,3078,269,872,WA,48.74,-122.48
241739,335,U. Metropolitana,"4,630",0,0,47,999,3526,58,0,PR,18.39,-66.06
190600,336,"CUNY, John Jay C. of Criminal Justice","4,625",0,152,1405,0,512,0,2556,NY,40.77,-73.99
144740,337,DePaul U.,"4,623",14,0,2308,202,2035,0,64,IL,41.88,-87.63
218733,338,South Carolina State U.,"4,556",293,195,2647,49,493,84,795,SC,33.5,-80.85
228529,339,Tarleton State U.,"4,495",0,0,0,0,0,3826,669,TX,32.21,-98.21
115755,340,Humboldt State U.,"4,455",0,1909,85,0,647,535,1279,CA,40.87,-124.08
433660,341,Florida Gulf Coast U.,"4,442",7,0,421,5,534,0,3475,FL,26.46,-81.77
216597,342,Villanova U.,"4,334",734,27,205,570,2470,0,328,PA,40.04,-75.35
106412,344,"U. Arkansas, Pine Bluff","4,233",121,0,186,324,602,2976,24,AR,34.24,-92.02
237899,345,West Virginia State U.,"4,126",362,0,171,0,229,2939,425,WV,38.38,-81.77
221847,346,Tennessee Technological U.,"4,076",911,373,43,51,2253,0,445,TN,36.17,-85.5
157951,347,Western Kentucky U.,"4,018",120,0,749,151,1047,1019,932,KY,36.99,-86.46
126580,348,U. Colorado Colorado Springs,"3,976",1849,0,590,20,1400,0,117,CO,38.89,-104.8
217420,349,Rhode Island C.,"3,928",0,0,1168,0,86,0,2674,RI,41.84,-71.47
180416,350,Montana Tech of U. Montana,"3,916",1973,549,438,0,301,44,611,MT,46.01,-112.56
110565,351,"California State U., Fullerton","3,815",418,8,1157,37,1803,85,307,CA,33.88,-117.89
161873,353,U. Baltimore,"3,769",0,0,1327,0,0,153,2289,MD,39.31,-76.62
485537,354,"U. Texas Health Science Center, Tyler","3,757",0,0,3757,0,0,0,0,TX,32.43,-95.21
152248,355,"Purdue U., Calumet","3,712",33,581,197,12,395,69,2425,IN,41.58,-87.47
409698,356,"California State U., Monterey Bay","3,654",62,0,323,2537,269,174,289,CA,36.65,-121.8
190637,357,"CUNY, Lehman C.","3,625",56,82,1278,106,2103,0,0,NY,40.87,-73.89
228875,358,Texas Christian U.,"3,617",83,179,1592,0,633,0,1130,TX,32.71,-97.36
110556,359,"California State U., Fresno","3,539",0,23,655,227,1750,314,570,CA,36.81,-119.75
220978,360,Middle Tennessee State U.,"3,535",301,0,497,25,1394,367,951,TN,35.85,-86.36
173258,361,Carleton C.,"3,508",0,21,74,17,3294,5,97,MN,44.46,-93.15
130697,362,Wesleyan U.,"3,493",323,0,1096,306,1315,0,453,CT,41.56,-72.66
149231,363,"Southern Illinois U., Edwardsville","3,422",142,0,1253,349,581,0,1097,IL,38.79,-90
111948,364,Chapman U.,"3,357",1284,273,479,175,847,114,185,CA,33.79,-117.85
190576,365,"CUNY, Graduate Center","3,318",0,0,1258,0,1444,0,616,NY,40.75,-73.98
229063,366,Texas Southern U.,"3,269",144,0,1727,154,829,14,401,TX,29.72,-95.36
150136,367,Ball State U.,"3,253",356,0,877,84,1194,26,716,IN,40.2,-85.41
189097,369,Barnard C.,"3,082",0,14,929,6,2108,0,25,NY,40.81,-73.96
101480,370,Jacksonville State U.,"3,081",176,0,0,0,72,0,2833,AL,33.82,-85.77
448840,372,"U. South Florida, Saint Petersburg","3,019",0,0,388,0,82,0,2549,FL,27.76,-82.64
377555,373,"U. Washington, Bothell","2,863",344,0,27,0,1583,26,883,WA,47.76,-122.19
166939,374,Mount Holyoke C.,"2,848",0,0,1109,881,818,10,30,MA,42.26,-72.57
194310,375,Pace U.,"2,845",56,877,157,0,1755,0,0,NY,40.71,-74
160621,376,"Southern U. and A&M C., Baton Rouge","2,778",304,180,478,94,1493,35,194,LA,30.52,-91.19
160621,391,"Southern U. and A&M C., Agricultural Research and Extension Center","2,415",0,0,0,0,0,2415,0,LA,30.52,-91.19
185590,377,Montclair State U.,"2,771",260,87,311,191,1553,0,369,NJ,40.86,-74.2
139931,378,Georgia Southern U.,"2,695",70,0,1420,35,514,258,398,GA,32.43,-81.78
377564,379,"U. Washington, Tacoma","2,682",0,0,407,0,372,58,1845,WA,47.24,-122.44
179566,380,Missouri State U.,"2,675",794,0,393,279,511,306,392,MO,37.2,-93.28
186371,381,"Rutgers, State U. New Jersey, Camden","2,653",356,0,630,0,1548,0,119,NJ,39.95,-75.13
167835,382,Smith C.,"2,634",138,25,888,49,1391,0,143,MA,42.32,-72.64
169716,383,U. Detroit Mercy,"2,565",0,0,2510,0,54,0,1,MI,42.42,-83.14
211273,384,Bryn Mawr C.,"2,556",1090,0,294,26,998,7,141,PA,40.03,-75.31
196228,385,"SUNY, C. of Optometry","2,487",0,0,2487,0,0,0,0,NY,40.75,-73.98
176406,386,Tougaloo C.,"2,473",0,0,1213,0,1260,0,0,MS,32.4,-90.16
161004,387,Bowdoin C.,"2,457",0,0,1158,186,1113,0,0,ME,43.91,-69.96
131399,388,U. of the District of Columbia,"2,451",280,0,34,0,857,1191,89,DC,38.94,-77.07
214591,389,"Pennsylvania State U., Behrend","2,445",69,60,0,0,989,0,1327,PA,42.12,-79.98
193654,390,New School,"2,428",1377,0,229,0,282,0,540,NY,40.74,-73.99
163851,392,Salisbury U.,"2,414",0,0,1007,0,397,0,1010,MD,38.35,-75.61
112525,393,Western U. of Health Sciences,"2,391",0,324,1947,0,92,27,1,CA,34.06,-117.75
100724,394,Alabama State U.,"2,372",217,0,313,0,1842,0,0,AL,32.36,-86.3
115409,395,Harvey Mudd C.,"2,320",0,39,121,0,2153,0,7,CA,34.11,-117.71
199111,396,"U. North Carolina, Asheville","2,312",0,0,520,6,562,528,696,NC,35.62,-82.57
161554,397,U. Southern Maine,"2,299",0,0,2154,17,50,0,78,ME,43.66,-70.28
154095,398,U. Northern Iowa,"2,297",0,0,418,281,1483,80,35,IA,42.51,-92.46
140960,399,Savannah State U.,"2,251",466,175,640,19,651,0,300,GA,32.02,-81.06
166869,400,MGH Institute of Health Professions,"2,228",0,0,2228,0,0,0,0,MA,42.38,-71.05
110547,401,"California State U., Dominguez Hills","2,215",0,3,660,0,711,0,841,CA,33.87,-118.26
232423,402,James Madison U.,"2,203",50,22,388,46,1413,47,237,VA,38.44,-78.87
110529,403,"California State Polytechnic U., Pomona","2,199",210,98,380,153,764,271,323,CA,34.05,-117.82
171137,404,"U. Michigan, Dearborn","2,172",515,276,1,41,835,5,499,MI,42.32,-83.23
129941,405,U. New Haven,"2,157",1472,0,0,4,373,0,308,CT,41.29,-72.96
122436,406,U. San Diego,"2,152",128,90,69,0,1679,0,186,CA,32.77,-117.19
191649,407,Hofstra U.,"2,149",0,37,0,80,2029,0,3,NY,40.72,-73.6
131450,408,Gallaudet U.,"2,135",0,0,1078,0,936,0,121,DC,38.91,-76.99
141644,409,Hawaii Pacific U.,"2,071",70,0,1047,0,17,750,187,HI,21.31,-157.86
229887,410,Wiley C.,"2,060",0,0,0,0,99,0,1961,TX,32.54,-94.38
219046,411,Black Hills State U.,"2,056",0,0,569,0,1429,2,56,SD,44.49,-103.87
177834,412,A. T. Still U.,"2,041",0,0,2041,0,0,0,0,MO,40.19,-92.59
159993,413,"U. Louisiana, Monroe","2,016",0,0,1729,10,13,10,254,LA,32.53,-92.07
119605,414,National U.,"2,012",0,0,676,0,0,0,1336,CA,32.91,-117.24
165334,415,Clark U.,"2,002",57,15,362,362,867,0,339,MA,42.25,-71.82
120883,416,U. of the Pacific,"1,991",9,69,569,0,1232,0,112,CA,37.98,-121.31
186584,417,Seton Hall U.,"1,975",0,0,825,0,0,0,1150,NJ,40.74,-74.25
127741,418,U. Northern Colorado,"1,962",0,0,876,53,433,111,489,CO,40.41,-104.69
228802,419,"U. Texas, Tyler","1,936",0,0,0,36,178,85,1637,TX,32.31,-95.25
162007,420,Bowie State U.,"1,927",730,0,577,35,509,14,62,MD,39.02,-76.76
486840,421,Kennesaw State U.,"1,925",116,0,351,0,835,0,623,GA,34.04,-84.58
233374,422,U. Richmond,"1,924",156,311,656,57,640,64,40,VA,37.58,-77.54
197869,423,Appalachian State U.,"1,896",0,280,158,43,929,232,254,NC,36.21,-81.68
227881,424,Sam Houston State U.,"1,830",234,5,26,0,454,192,919,TX,30.71,-95.55
198507,425,Elizabeth City State U.,"1,827",100,0,228,30,1047,0,422,NC,36.28,-76.21
228431,426,Stephen F. Austin State U.,"1,808",27,0,26,0,286,527,942,TX,31.62,-94.65
157386,427,Morehead State U.,"1,797",0,0,540,1178,63,0,16,KY,38.19,-83.43
217873,428,Claflin U.,"1,743",159,68,381,375,760,0,0,SC,33.5,-80.85
230959,429,Middlebury C.,"1,736",0,0,948,46,694,48,0,VT,44.01,-73.18
217518,429,Roger Williams U.,"1,736",0,0,80,25,560,63,1008,RI,41.65,-71.26
229814,431,West Texas A&M U.,"1,735",0,512,0,0,442,289,492,TX,34.98,-101.92
409254,432,Erikson Institute,"1,719",0,0,538,0,417,0,764,IL,41.89,-87.63
190558,433,"CUNY, C. Staten Island","1,700",0,0,533,0,1167,0,0,NY,40.6,-74.15
209922,434,Reed C.,"1,690",74,63,1021,0,445,45,42,OR,45.48,-122.63
110486,435,"California State U., Bakersfield","1,689",184,0,0,0,1472,6,27,CA,35.35,-119.1
196866,436,"Union C., Schenectady","1,680",0,0,191,15,1474,0,0,NY,42.82,-73.93
122931,437,Santa Clara U.,"1,634",146,0,307,113,963,80,25,CA,37.35,-121.94
169798,438,Eastern Michigan U.,"1,627",82,0,293,170,457,155,470,MI,42.25,-83.62
217721,439,Benedict C.,"1,621",172,649,17,7,677,0,99,SC,34.01,-81.02
211291,440,Bucknell U.,"1,619",43,79,36,169,1146,0,146,PA,40.95,-76.88
164076,441,Towson U.,"1,616",314,0,99,21,838,84,260,MD,39.39,-76.61
168342,442,Williams C.,"1,614",20,0,245,105,1085,0,159,MA,42.71,-73.2
194091,443,New York Institute of Technology,"1,607",2,0,1086,0,254,120,145,NY,40.81,-73.61
152600,444,Valparaiso U.,"1,595",0,765,0,43,710,2,75,IN,41.46,-87.04
219082,445,Dakota State U.,"1,593",169,4,0,0,1382,38,0,SD,44.01,-97.11
234827,446,Central Washington U.,"1,580",2,0,146,204,954,5,269,WA,47,-120.54
121345,447,Pomona C.,"1,579",0,0,337,52,1132,54,4,CA,34.1,-117.71
214564,448,Salus U.,"1,571",0,0,1571,0,0,0,0,PA,40.09,-75.13
188641,449,Alfred U.,"1,558",610,488,0,8,452,0,0,NY,42.25,-77.79
201690,450,Central State U.,"1,546",663,0,45,13,551,245,29,OH,39.72,-83.88
102632,452,"U. Alaska, Southeast","1,502",51,0,208,0,734,145,364,AK,58.38,-134.64
197133,453,Vassar C.,"1,495",0,0,85,0,1327,0,83,NY,41.69,-73.89
154174,454,"Palmer C. of Chiropractic, Davenport","1,485",1200,0,285,0,0,0,0,IA,41.53,-90.57
170082,455,Grand Valley State U.,"1,479",39,15,799,67,257,83,219,MI,42.97,-85.89
216287,456,Swarthmore C.,"1,458",0,139,463,42,419,2,393,PA,39.91,-75.35
209612,457,Pacific U.,"1,419",0,0,540,0,386,0,493,OR,45.52,-123.11
445054,458,"Toyota Technological Institute, Chicago","1,410",44,0,147,0,1219,0,0,IL,41.78,-87.59
206941,459,U. Central Oklahoma,"1,409",0,0,502,0,267,3,637,OK,35.66,-97.47
231059,460,Saint Michael's C.,"1,399",46,0,154,20,1174,0,5,VT,44.49,-73.17
136172,461,U. North Florida,"1,356",33,26,248,65,538,0,446,FL,30.27,-81.51
199999,461,Winston-Salem State U.,"1,356",0,0,1069,0,0,0,287,NC,36.09,-80.22
190512,463,"CUNY, Baruch C.","1,325",40,269,133,78,762,43,0,NY,40.74,-73.98
130493,464,Southern Connecticut State U.,"1,324",0,0,140,29,812,0,343,CT,41.33,-72.95
195474,465,Siena C.,"1,313",0,12,102,11,1181,0,7,NY,42.72,-73.75
141060,466,Spelman C.,"1,291",0,40,299,0,952,0,0,GA,33.75,-84.41
235097,467,Eastern Washington U.,"1,287",163,494,348,32,63,0,187,WA,47.49,-117.58
198756,468,Johnson C. Smith U.,"1,279",81,0,225,0,380,0,593,NC,35.24,-80.85
169983,468,Kettering U.,"1,279",0,293,44,0,477,2,463,MI,43.01,-83.71
209506,470,Oregon Institute of Technology,"1,268",0,0,182,111,26,0,949,OR,42.26,-121.79
173920,471,"Minnesota State U., Mankato","1,260",0,0,37,0,490,0,733,MN,44.15,-94
120254,471,Occidental C.,"1,260",0,0,0,5,586,0,669,CA,34.13,-118.21
170301,473,Hope C.,"1,251",28,314,37,65,804,0,3,MI,42.79,-86.11
240329,474,U. Wisconsin-La Crosse,"1,250",19,0,174,7,484,0,566,WI,43.82,-91.23
121150,475,Pepperdine U.,"1,233",0,0,0,0,380,2,851,CA,34.04,-118.71
190099,476,Colgate U.,"1,217",87,0,87,12,1031,0,0,NY,42.82,-75.54
164465,477,Amherst C.,"1,207",0,0,250,17,940,0,0,MA,42.37,-72.52
161299,477,Maine Maritime Academy,"1,207",0,0,0,5,0,0,1202,ME,44.39,-68.8
459727,479,"Touro U., Vallejo","1,199",0,0,1199,0,0,0,0,CA,33.81,-118.06
151324,480,Indiana State U.,"1,189",51,64,107,10,467,19,471,IN,39.47,-87.41
151324,594,"Indiana U., South Bend",344,0,0,0,0,343,0,1,IN,39.47,-87.41
218964,481,Winthrop U.,"1,178",0,0,245,0,394,0,539,SC,34.94,-81.03
129525,482,U. Hartford,"1,172",122,0,184,633,109,0,124,CT,41.8,-72.71
225432,483,U. Houston-Downtown,"1,165",43,0,0,0,287,0,835,TX,29.76,-95.36
239318,484,Milwaukee School of Engineering,"1,164",0,0,677,3,387,0,97,WI,43.05,-87.91
160977,485,Bates C.,"1,156",0,0,861,0,264,0,31,ME,44.11,-70.2
218645,486,"U. South Carolina, Aiken","1,155",0,626,56,0,144,0,329,SC,33.57,-81.77
215132,487,U. of the Sciences Philadelphia,"1,153",0,0,1101,0,52,0,0,PA,39.95,-75.21
180647,488,Salish Kootenai C.,"1,142",0,0,508,0,391,179,64,MT,47.6,-114.11
106704,489,U. Central Arkansas,"1,138",0,0,362,58,417,0,301,AR,35.08,-92.46
138716,490,Albany State U.,"1,137",50,0,865,7,172,0,43,GA,31.57,-84.14
161086,490,Colby C.,"1,137",0,0,436,65,606,0,30,ME,44.56,-69.66
157447,492,Northern Kentucky U.,"1,133",0,0,751,55,309,0,18,KY,39.03,-84.46
166665,493,"U. Massachusetts, central office","1,124",0,0,400,0,88,0,636,MA,42.36,-71.06
153269,494,Drake U.,"1,116",0,0,279,42,200,126,469,IA,41.6,-93.65
243160,495,"U. Puerto Rico, Cayey","1,105",0,0,1008,0,97,0,0,PR,18.39,-66.06
221740,497,"U. Tennessee, Chattanooga","1,092",148,19,120,0,597,0,208,TN,35.05,-85.3
210401,498,Willamette U.,"1,090",333,4,0,0,745,8,0,OR,44.94,-123.03
187897,499,New Mexico Highlands U.,"1,086",141,0,183,0,762,0,0,NM,35.6,-105.22
206695,500,Youngstown State U.,"1,083",623,51,0,37,204,0,168,OH,41.11,-80.65
218070,501,Furman U.,"1,068",0,0,487,138,439,0,4,SC,34.92,-82.44
423643,502,Midwestern U.,"1,060",0,0,853,0,0,0,207,AZ,33.66,-112.18
218724,503,Coastal Carolina U.,"1,052",352,0,0,28,152,0,520,SC,33.79,-79.01
156620,504,Eastern Kentucky U.,"1,029",49,0,415,0,301,8,256,KY,37.74,-84.3
213385,505,Lafayette C.,997,0,0,70,142,575,65,145,PA,40.7,-75.21
217402,506,Providence C.,981,0,0,684,0,297,0,0,RI,41.84,-71.44
160612,507,Southeastern Louisiana U.,975,0,0,206,0,185,66,518,LA,30.51,-90.47
159009,508,Grambling State U.,974,272,0,324,38,340,0,0,LA,32.52,-92.72
229267,509,Trinity U.,973,0,0,192,22,718,0,41,TX,29.46,-98.48
212911,510,Haverford C.,972,0,0,84,0,888,0,0,PA,40.01,-75.31
143358,511,Bradley U.,969,765,0,27,23,22,14,118,IL,40.7,-89.61
204501,512,Oberlin C.,962,30,0,70,0,779,0,83,OH,41.29,-82.22
240480,513,U. Wisconsin-Stevens Point,957,85,77,514,36,155,22,68,WI,44.53,-89.57
212577,514,Franklin and Marshall C.,955,8,0,351,14,468,104,10,PA,40.05,-76.32
440031,515,Keck Graduate Institute,949,0,0,760,0,189,0,0,CA,34.09,-117.72
195809,516,"St. John's U., Manhattan",940,33,0,595,0,227,0,85,NY,40.72,-73.8
110538,517,"California State U., Chico",933,26,70,188,1,511,73,64,CA,39.73,-121.84
196167,518,"SUNY, Geneseo",930,0,401,69,92,346,0,22,NY,42.8,-77.82
183080,519,Plymouth State U.,925,0,0,311,39,442,60,73,NH,43.76,-71.69
226152,520,Texas A&M International U.,924,0,0,182,13,81,58,590,TX,27.57,-99.44
240277,521,U. Wisconsin-Green Bay,919,313,27,259,27,161,29,103,WI,44.53,-87.92
144005,522,Chicago State U.,910,0,0,798,0,0,112,0,IL,41.72,-87.61
130590,523,"Trinity C., Hartford",893,0,0,300,24,566,3,0,CT,41.75,-72.69
181215,524,"U. Nebraska, Kearney",891,0,0,427,71,100,11,282,NE,40.7,-99.1
224554,525,Texas A&M U.-Commerce,876,0,161,24,2,479,15,195,TX,33.24,-95.91
118888,526,Mills C.,873,0,0,0,0,563,0,310,CA,37.78,-122.19
200004,526,Western Carolina U.,873,0,0,9,0,50,16,798,NC,35.31,-83.19
196121,528,"SUNY, Buffalo State",859,0,0,161,0,169,0,529,NY,43.21,-77.95
196121,554,"SUNY, C. Brockport",639,0,0,23,0,94,0,522,NY,43.21,-77.95
231712,529,Christopher Newport U.,858,30,156,0,60,493,0,119,VA,37.06,-76.49
192457,530,Long Island U.,852,18,0,647,20,163,0,4,NY,40.82,-73.6
236577,531,Seattle Pacific U.,850,0,0,198,0,652,0,0,WA,47.65,-122.36
174844,532,St. Olaf C.,849,0,0,113,0,699,0,37,MN,44.46,-93.18
190035,533,"CUNY, system office",832,734,0,23,0,58,0,17,NY,40.75,-73.97
236595,534,Seattle U.,820,0,0,95,15,700,0,10,WA,47.61,-122.32
128902,535,Connecticut C.,817,152,0,209,0,378,1,77,CT,41.38,-72.11
198385,536,Davidson C.,813,0,0,543,0,215,0,55,NC,35.5,-80.85
169080,537,Calvin C.,795,20,0,340,8,265,7,155,MI,42.93,-85.59
240736,538,American Samoa Community C.,793,0,0,0,0,0,793,0,AS,-14.32,-170.74
441982,539,Franklin W. Olin C. of Engineering,782,55,0,0,81,488,0,158,MA,42.29,-71.26
173902,540,Macalester C.,771,0,0,0,53,660,0,58,MN,44.94,-93.17
225414,541,U. Houston-Clear Lake,756,0,0,162,122,101,0,371,TX,29.58,-95.1
207342,542,"Oklahoma State U., Center for Health Sciences",748,0,82,152,0,0,377,137,OK,35.48,-97.5
195526,543,Skidmore C.,747,14,0,15,36,184,0,498,NY,43.1,-73.79
148654,544,"U. Illinois, Springfield",725,5,0,0,17,85,9,609,IL,39.73,-89.61
117946,545,Loyola Marymount U.,707,0,0,261,0,438,8,0,CA,33.97,-118.42
101912,546,Oakwood U.,677,149,0,353,0,77,0,98,AL,34.76,-86.65
102669,547,Alaska Pacific U.,671,0,0,0,61,395,0,215,AK,61.19,-149.8
173045,547,Augsburg C.,671,2,41,21,61,375,161,10,MN,44.97,-93.24
240268,549,U. Wisconsin-Eau Claire,661,0,158,131,0,365,0,7,WI,44.8,-91.5
170675,550,Lawrence Technological U.,658,42,0,43,0,63,0,510,MI,42.47,-83.25
112260,551,Claremont McKenna C.,644,20,0,0,0,624,0,0,CA,34.1,-117.71
174783,552,St. Cloud State U.,643,24,0,22,3,277,0,317,MN,45.55,-94.15
146603,555,Lewis and Clark C.,636,0,214,193,0,229,0,0,IL,38.95,-90.2
123572,556,Sonoma State U.,630,64,68,53,63,382,0,0,CA,38.34,-122.67
167093,557,New England C. of Optometry,618,0,0,618,0,0,0,0,MA,42.35,-71.09
213987,558,Mercyhurst U.,612,0,0,39,35,20,0,518,PA,42.1,-80.06
226091,559,Lamar U.,611,0,3,92,0,458,0,58,TX,30.04,-94.07
109785,560,Azusa Pacific U.,606,228,0,204,128,46,0,0,CA,34.13,-117.89
168254,561,Western New England U.,581,28,28,215,0,309,0,1,MA,42.12,-72.52
229179,562,Texas Woman's U.,573,0,0,194,0,375,1,3,TX,33.23,-97.13
196042,563,"SUNY, Farmingdale State C.",570,0,346,83,0,67,74,0,NY,40.75,-73.43
110097,564,Biola U.,564,88,19,354,19,55,2,27,CA,33.9,-118.02
157401,564,Murray State U.,564,2,0,79,14,353,37,79,KY,36.61,-88.32
243346,564,U. del Este,564,0,0,564,0,0,0,0,PR,18.41,-65.98
187444,564,William Paterson U.,564,0,0,61,0,68,148,287,NJ,40.95,-74.2
196246,568,"SUNY, C. Plattsburgh",545,0,0,56,265,0,0,224,NY,44.69,-73.47
152266,569,"Purdue U., North Central",536,0,0,0,0,0,0,536,IN,41.58,-86.9
199643,570,Shaw U.,514,0,0,500,0,14,0,0,NC,35.77,-78.64
229018,571,"U. Texas, Permian Basin",510,0,0,0,0,29,0,481,TX,31.89,-102.33
164368,572,Hult International Business School,503,267,0,35,0,0,0,201,MA,42.37,-71.07
160010,573,Northwestern State U. Louisiana,490,0,0,0,0,0,0,490,LA,32.59,-93.26
110574,574,"California State U., East Bay",479,232,0,0,48,169,0,30,CA,37.66,-122.06
215770,575,Saint Joseph's U.,476,21,0,0,0,386,29,40,PA,39.99,-75.24
230995,576,Norwich U.,461,0,0,444,9,8,0,0,VT,44.14,-72.66
216764,577,West Chester U. Pennsylvania,454,163,0,63,36,158,0,34,PA,39.95,-75.6
191515,578,Hamilton C.,442,1,0,0,0,134,0,307,NY,43.05,-75.41
243601,579,U. del Turabo,437,0,57,233,5,120,22,0,PR,18.24,-66.01
187648,580,"Eastern New Mexico U., Portales",436,12,0,218,0,91,115,0,NM,34.18,-103.35
129242,581,Fairfield U.,435,11,13,85,23,292,0,11,CT,41.16,-73.26
174251,582,"U. Minnesota, Morris",428,0,0,33,0,342,0,53,MN,45.59,-95.9
198516,583,Elon U.,423,0,0,0,0,344,0,79,NC,36.1,-79.51
235316,584,Gonzaga U.,414,0,0,23,0,353,2,36,WA,47.67,-117.4
212009,585,Dickinson C.,397,0,0,28,0,362,4,3,PA,40.2,-77.2
456542,586,Commonwealth Medical C.,396,325,0,71,0,0,0,0,PA,41.41,-75.66
154156,587,Des Moines U.,386,0,0,257,0,129,0,0,IA,41.58,-93.66
188526,588,Albany C. of Pharmacy and Health Sciences,380,0,0,380,0,0,0,0,NY,42.65,-73.78
123943,589,Marshall B. Ketchum U.,375,0,0,375,0,0,0,0,CA,33.89,-117.89
213020,590,Indiana U. Pennsylvania,373,0,26,71,0,206,28,42,PA,40.62,-79.16
165662,591,Emerson C.,366,0,0,329,0,18,0,19,MA,42.35,-71.07
126678,592,Colorado C.,358,37,0,0,4,294,8,15,CO,38.85,-104.82
210669,593,Allegheny C.,355,0,0,16,0,339,0,0,PA,41.65,-80.15
210438,595,U. Western States,341,0,0,341,0,0,0,0,OR,45.54,-122.53
153384,596,Grinnell C.,340,0,0,188,12,139,1,0,IA,41.75,-92.72
219602,597,Austin Peay State U.,325,0,0,0,0,24,301,0,TN,36.53,-87.35
185262,598,Kean U.,323,0,0,0,0,8,0,315,NJ,40.68,-74.23
124557,599,"U. California, Office of the President",295,0,0,135,0,0,0,160,CA,37.8,-122.27
203085,600,Heidelberg U.,294,0,0,0,0,29,167,98,OH,41.11,-83.17
171456,601,Northern Michigan U.,288,0,0,81,0,113,0,94,MI,46.56,-87.4
122612,602,U. San Francisco,280,0,0,87,15,96,0,82,CA,37.78,-122.45
238078,603,Wheeling Jesuit U.,276,0,0,268,8,0,0,0,WV,40.07,-80.69
217493,604,Rhode Island School of Design,274,0,0,0,0,274,0,0,RI,41.83,-71.41
170639,605,Lake Superior State U.,272,0,0,8,0,22,49,193,MI,46.49,-84.37
228501,605,Sul Ross State U.,272,0,0,0,0,0,26,246,TX,30.36,-103.65
214713,607,"Pennsylvania State U., Harrisburg",270,0,0,36,0,40,52,142,PA,40.2,-76.74
155681,607,Pittsburg State U.,270,0,0,120,26,17,0,107,KS,37.39,-94.7
168005,609,Suffolk U.,253,0,0,73,0,147,0,33,MA,42.36,-71.06
441937,610,"California State U., Channel Islands",249,0,0,0,0,200,0,49,CA,34.16,-119.04
172051,611,Saginaw Valley State U.,237,120,0,0,5,36,0,76,MI,43.51,-83.96
110495,612,"California State U., Stanislaus",221,0,0,0,0,15,22,184,CA,37.53,-120.85
186876,612,Stockton U.,221,0,0,42,0,0,0,179,NJ,39.49,-74.53
179812,614,Kansas City U. of Medicine and Biosciences,198,0,0,198,0,0,0,0,MO,39.11,-94.56
174914,615,U. of St. Thomas (MN),195,0,0,3,4,182,0,6,MN,44.94,-93.19
159966,616,Nicholls State U.,185,0,0,2,0,0,0,183,LA,29.79,-90.8
137847,617,U. Tampa,184,0,0,0,47,137,0,0,FL,27.95,-82.47
186283,618,Rider U.,179,0,0,130,0,24,25,0,NJ,40.28,-74.74
199184,619,"U. North Carolina, general administration",174,174,0,0,0,0,0,0,NC,36.07,-80.24
185572,620,Monmouth U.,173,0,0,0,0,0,0,173,NJ,40.28,-74.01
193973,621,Niagara U.,172,0,0,0,0,0,0,172,NY,43.14,-79.04
150455,622,Earlham C.,165,0,0,0,0,165,0,0,IN,39.82,-84.91
195164,623,St. Bonaventure U.,159,0,0,0,0,159,0,0,NY,42.08,-78.48
215123,624,Philadelphia C. of Osteopathic Medicine,150,0,0,150,0,0,0,0,PA,40.01,-75.21
128771,625,Central Connecticut State U.,143,0,0,7,26,19,0,91,CT,41.69,-72.77
159717,626,McNeese State U.,130,0,0,0,6,41,45,38,LA,30.18,-93.22
117627,627,La Sierra U.,127,0,0,0,0,12,0,115,CA,33.91,-117.5
213367,628,La Salle U.,89,0,0,50,0,39,0,0,PA,40.04,-75.15
442806,629,Edward Via C. of Osteopathic Medicine,88,39,0,49,0,0,0,0,VA,37.2,-80.41
111188,630,California Maritime Academy,71,0,0,0,0,10,0,61,CA,38.07,-122.23
221519,631,Sewanee: U. of the South,61,0,0,0,0,59,0,2,TN,35.2,-85.92
174747,632,C. of Saint Benedict,38,0,0,0,0,38,0,0,MN,45.56,-94.32
451671,633,"U. South Florida, Sarasota-Manatee",31,0,0,0,0,0,0,31,FL,27.39,-82.56
129215,634,Eastern Connecticut State U.,27,0,0,0,11,0,4,12,CT,41.72,-72.22
